sprocess,sprocess,sprocess,sprocess,sprocess,sprocess,sprocess,sprocess,sprocess,svisualpy,,,,,,,,,,
sprocess1,sprocess,sprocess,sprocess,sprocess,sprocess,sprocess,sprocess,sprocess,svisualpy,,,,,,,,,,
,DNW_DOSE,DNW_E,PW_TRIM_E,PW_FIXED_E,PW_TRIM_FRAC,PW_TOTAL_DOSE,RTA_T,RTA_t,,F_PROFILE_SCORE,F_PW_log_profile_RMSE,F_DNW_log_profile_RMSE,F_PW_DNW_crossing_nm,F_PW_DNW_crossing_error_nm,F_PW_peak_depth_nm,F_PW_peak_cm3,F_DNW_peak_depth_nm,F_DNW_peak_cm3,F_DNW_sigma_equiv_nm
,23200000000000,885,97.5,34.75,0.525,16600000000000,1070,55,,0.439358074431,0.411436295759,0.46560842955,473.420799893,10.72414108,100,6.031164E+017,970.4609,4.427208E+017,267.337547586
,23200000000000,881,102,33.25,0.465,18500000000000,1090,65,,0.3873051248,0.301584107605,0.457228110939,488.393504976,25.6968461631,0,8.0499525E+017,956.2185,4.402246E+017,267.84407145
,23200000000000,874,99.5,33.75,0.52,17900000000000,1065,70,,0.40844032223,0.35438347064,0.456135231465,479.732569943,17.0359111304,90.12808,6.411823E+017,956.2185,4.443042E+017,266.266638824
,23200000000000,888,101,33.25,0.52,16000000000000,1085,65,,0.407328978397,0.341505776267,0.463904729507,485.102984624,22.4063258114,0,6.1216935E+017,970.4609,4.396132E+017,268.443752176
,23600000000000,891,98,33.25,0.49,17500000000000,1065,45,,0.441544846808,0.414462936244,0.467059073315,473.082117895,10.3854590816,90.12808,7.00397E+017,970.4609,4.506275E+017,267.207974446
,23600000000000,895,100.5,33,0.505,16800000000000,1090,50,,0.412852150075,0.351211728866,0.466416248805,483.827115996,21.1304571826,0,6.3659005E+017,970.4609,4.472884E+017,268.370292196
,23600000000000,896,99,33.5,0.48,16300000000000,1070,50,,0.443097808732,0.414283017889,0.470149888117,474.608519618,11.9118608048,90.12808,6.447421E+017,970.4609,4.488805E+017,267.977230936
,23600000000000,896,99.5,33.75,0.485,17300000000000,1075,40,,0.434546557386,0.394714524466,0.471022149423,477.573373741,14.8767149274,90.12808,6.858625E+017,970.4609,4.495504E+017,267.801068756
,23600000000000,873,99.5,34.5,0.525,17600000000000,1080,75,,0.393840464573,0.331998821919,0.447210694544,481.806327875,19.1096690624,0,6.465402E+017,956.2185,4.499604E+017,266.250064401
,23600000000000,894,101.5,33,0.465,16300000000000,1085,75,,0.405276631855,0.339309688949,0.461916909888,485.087757128,22.3910983144,0,7.340875E+017,970.4609,4.449106E+017,268.970757751
,20200000000000,897,100.5,34.5,0.515,17400000000000,1090,45,,0.441171894473,0.348626070441,0.517421630738,490.223585217,27.5269264035,100,6.077127E+017,970.4609,3.819964E+017,273.400037374
,20200000000000,886,98.5,33.5,0.515,16300000000000,1075,75,,0.447262022632,0.380480021959,0.505293564839,482.695399589,19.9987407763,0,6.133421E+017,970.4609,3.823956E+017,272.545070004
,20200000000000,899,98,34.5,0.46,17700000000000,1070,65,,0.465511719054,0.40468811965,0.519258940189,480.787710683,18.0910518696,100,6.836601E+017,970.4609,3.813968E+017,273.671384004
,20200000000000,889,101,34.25,0.505,17900000000000,1080,55,,0.432320010435,0.337197789011,0.509998856793,490.289627002,27.5929681887,100,6.359946E+017,970.4609,3.832814E+017,272.503650095
,20200000000000,877,101.5,34.75,0.5,17600000000000,1080,40,,0.434834019017,0.354722607982,0.502327701381,486.321546633,23.6248878197,100,6.526204E+017,956.2185,3.870349E+017,270.579802042
,21600000000000,883,101.5,33.25,0.465,17500000000000,1065,75,,0.421868895005,0.349439311336,0.483568916329,484.836710261,22.140051448,0,6.92712E+017,956.2185,4.109821E+017,269.706173787
,21600000000000,891,99.5,34.75,0.46,17500000000000,1080,75,,0.428450635838,0.360035599898,0.487354349017,483.645124061,20.9484652481,0,6.908806E+017,970.4609,4.07908E+017,271.180524469
,21600000000000,893,97.5,33.5,0.495,17100000000000,1065,40,,0.465337650005,0.43234281154,0.496143074459,473.881014482,11.1843556693,90.12808,6.753584E+017,970.4609,4.119427E+017,270.11973781
,23800000000000,876,99,33.5,0.52,17900000000000,1080,65,,0.400814100576,0.346552430029,0.44855913733,479.822420461,17.1257616475,0,6.733118E+017,956.2185,4.544344E+017,266.033884234
,23800000000000,874,101.5,34.25,0.5,17800000000000,1065,75,,0.393716532024,0.330139180712,0.448367635469,482.867103475,20.1704446624,100,6.491333E+017,956.2185,4.555234E+017,265.590557858
,23800000000000,884,99,33.75,0.47,16500000000000,1075,70,,0.423753839375,0.390392757133,0.454673649938,474.874156195,12.1774973824,0,6.650682E+017,956.2185,4.526101E+017,266.954357537
,23800000000000,877,101,34.5,0.46,18200000000000,1065,65,,0.406627612616,0.35594403806,0.451659022331,479.254960303,16.5583014897,100,7.19045E+017,956.2185,4.557771E+017,265.724103839
,23800000000000,877,98,34.25,0.505,17600000000000,1060,75,,0.420769717647,0.387983267465,0.451179891777,473.81484498,11.1181861673,100,6.533136E+017,956.2185,4.553766E+017,265.826791621
,23800000000000,887,98,34.5,0.495,16200000000000,1065,40,,0.450722341845,0.439024776422,0.462123906073,469.402680402,6.70602158936,100,6.445827E+017,970.4609,4.556763E+017,266.345469835
,23300000000000,875,100,33.75,0.48,16700000000000,1060,65,,0.424671441651,0.389802090579,0.456887291231,474.904918042,12.2082592293,90.12808,6.543852E+017,956.2185,4.468927E+017,266.022515694
,23300000000000,874,100,33.25,0.465,18600000000000,1085,55,,0.404952195577,0.349143938122,0.453950516993,479.671051329,16.9743925161,0,7.536941E+017,956.2185,4.457546E+017,266.281674569
,23300000000000,894,99,33.25,0.48,16200000000000,1065,65,,0.440422046635,0.407586258588,0.470974097096,475.510677416,12.814018603,90.12808,6.264469E+017,970.4609,4.425884E+017,268.398292169
,23300000000000,896,102,33.75,0.455,16700000000000,1070,40,,0.432520895433,0.385059075844,0.475266407484,480.638500868,17.9418420551,90.12808,6.955795E+017,970.4609,4.440121E+017,268.127958802
,21000000000000,883,101.5,34.75,0.45,16100000000000,1085,75,,0.425077081725,0.350792925449,0.488185798923,485.467693535,22.7710347222,0,6.595826E+017,956.2185,3.969812E+017,271.349043936
,21000000000000,900,102,35,0.475,18700000000000,1070,65,,0.42612526628,0.324958037317,0.507511338895,492.889216974,30.1925581606,100,6.951193E+017,970.4609,3.96463E+017,272.544011775
,21000000000000,895,99,33.5,0.515,17900000000000,1080,65,,0.432407970727,0.350246584584,0.501279000441,487.239528939,24.5428701258,0,6.604015E+017,970.4609,3.966261E+017,272.257639681
,18700000000000,882,102.5,34.25,0.485,16300000000000,1075,60,,0.444566267087,0.350912617877,0.521669115704,490.256263603,27.5596047894,100,5.977608E+017,942.3163,3.51695E+017,276.456120912
,18700000000000,878,100.5,34.5,0.525,16500000000000,1070,80,,0.440959705755,0.349890459827,0.516204988664,489.053533729,26.3568749163,0,5.6863765E+017,942.3163,3.51437E+017,276.318178715
,18700000000000,892,99.5,33.75,0.49,17200000000000,1085,55,,0.456580705634,0.36889984961,0.529947905432,487.769467102,25.0728082889,0,6.3147835E+017,956.2185,3.497427E+017,277.859587267
,18700000000000,876,100.5,34,0.5,18600000000000,1090,70,,0.420401136937,0.303446770469,0.511267336496,494.081285071,31.3846262574,0,7.354287E+017,942.3163,3.501319E+017,276.633458647
,20800000000000,880,98,34.25,0.465,17800000000000,1075,70,,0.443420619956,0.389152042453,0.491736088017,478.368711801,15.6720529877,0,6.843832E+017,956.2185,3.956217E+017,270.736638281
,20800000000000,880,100,34.25,0.47,18800000000000,1060,60,,0.436515447323,0.36882745862,0.495033107247,482.264516652,19.5678578385,90.12808,7.365219E+017,956.2185,3.97572E+017,270.142664767
,20800000000000,895,100,33.75,0.475,18600000000000,1065,60,,0.441715661487,0.364434380237,0.507358880584,485.716718648,23.0200598353,90.12808,7.18705E+017,970.4609,3.945176E+017,272.031367964
,20800000000000,881,102,33.5,0.47,16600000000000,1085,60,,0.424350764684,0.343282692498,0.492243980164,487.059977027,24.3633182134,0,6.5775565E+017,956.2185,3.952794E+017,270.897725561
,20800000000000,870,102,34,0.455,16700000000000,1065,60,,0.433442550717,0.372565961521,0.48676431038,481.072294881,18.3756360679,90.12808,6.616395E+017,956.2185,3.991228E+017,268.978593667
,20800000000000,877,102.5,35,0.455,17400000000000,1070,65,,0.424178942278,0.34484076648,0.490856797771,486.270834696,23.5741758829,100,6.664262E+017,956.2185,3.971636E+017,270.086561402
,18100000000000,875,102,34.5,0.505,17400000000000,1085,75,,0.426111734415,0.301773881798,0.521608037396,496.337352305,33.640693492,0,6.5758885E+017,942.3163,3.390496E+017,277.537080785
,18100000000000,875,101.5,33.75,0.51,17200000000000,1080,55,,0.442999861225,0.340065418131,0.526168476328,491.055106904,28.3584480914,90.12808,6.071978E+017,942.3163,3.415335E+017,276.695861197
,18100000000000,889,98.5,34,0.52,16000000000000,1065,55,,0.482939404841,0.416780154065,0.541068609951,482.069177944,19.3725191305,100,5.836387E+017,956.2185,3.402916E+017,278.089001278
,18100000000000,870,99,34.25,0.48,17700000000000,1090,70,,0.439907180493,0.34617103973,0.516916111328,487.208025674,24.5113668605,0,7.148199E+017,942.3163,3.396242E+017,276.965332708
,18100000000000,896,100,34.25,0.48,18600000000000,1080,55,,0.45945950594,0.35277452232,0.545670423972,491.861915825,29.1652570117,100,6.894039E+017,956.2185,3.379403E+017,279.312841664
,18400000000000,889,100,33.75,0.47,18400000000000,1075,60,,0.455067194413,0.360023307397,0.533437457434,488.845032044,26.1483732309,90.12808,6.969542E+017,956.2185,3.44954E+017,277.887399811
,18400000000000,877,100,33,0.49,17000000000000,1065,45,,0.465571943392,0.39635488441,0.525754005739,482.158027955,19.4613691423,90.12808,6.699414E+017,942.3163,3.487146E+017,275.810852806
,18400000000000,878,101,34.5,0.495,16100000000000,1075,50,,0.459361820737,0.382684940467,0.524955999147,485.306530755,22.6098719423,100,5.968217E+017,942.3163,3.476244E+017,276.230706067
,18400000000000,897,97.5,34,0.505,17000000000000,1085,75,,0.461786792922,0.372305995424,0.536546670856,487.992862294,25.2962034809,0,6.6660285E+017,956.2185,3.410456E+017,279.693378409
,23700000000000,878,98.5,34,0.47,18600000000000,1085,75,,0.400168583798,0.34537362414,0.448315570404,479.399989124,16.7033303106,0,7.9714705E+017,956.2185,4.50076E+017,266.954296309
,23700000000000,896,98,34.5,0.465,18200000000000,1070,50,,0.439044042068,0.407086085172,0.468828605154,474.503710978,11.8070521645,100,7.330394E+017,970.4609,4.507496E+017,267.860484936
,23700000000000,891,97.5,34.75,0.5,18600000000000,1085,75,,0.406804019828,0.347993676719,0.458125989287,481.461136605,18.7644777918,0,7.264856E+017,970.4609,4.473611E+017,268.509273028
,23700000000000,888,98.5,34.5,0.52,18500000000000,1085,60,,0.405688789716,0.344878510877,0.458503654224,482.213997542,19.5173387287,0,6.5486805E+017,970.4609,4.49803E+017,267.62495311
,23700000000000,886,102,34.5,0.47,16700000000000,1075,55,,0.412358076417,0.358963929531,0.459590321557,481.552375611,18.8557167984,100,6.451293E+017,970.4609,4.518636E+017,266.901757446
,19600000000000,870,98.5,33.75,0.505,17900000000000,1090,45,,0.43925839697,0.373632772543,0.496280595932,480.940329302,18.2436704893,100,6.415535E+017,942.3163,3.71436E+017,273.337156047
,19600000000000,873,98.5,35,0.49,18500000000000,1070,70,,0.438534932705,0.369639021105,0.497988723247,481.865326331,19.1686675175,100,6.734249E+017,942.3163,3.703807E+017,273.889172487
,19600000000000,898,100.5,33.25,0.45,17200000000000,1080,80,,0.441640127096,0.350695096977,0.516821973875,489.619094976,26.9224361628,0,7.6787675E+017,956.2185,3.637738E+017,277.616342411
,19600000000000,884,98,34,0.455,18000000000000,1075,60,,0.457938754737,0.40163657068,0.508039241863,478.997184926,16.3005261128,100,6.990546E+017,956.2185,3.686814E+017,275.146355723
,19600000000000,894,101,33.5,0.465,16600000000000,1060,45,,0.464977377473,0.401544452494,0.520739835037,483.028353338,20.3316945253,90.12808,6.825389E+017,956.2185,3.689935E+017,275.751295382
,21400000000000,899,100,34.75,0.515,18400000000000,1080,45,,0.433901284063,0.352675269984,0.502156153566,487.861988076,25.1653292624,100,6.595251E+017,970.4609,4.054686E+017,271.507613753
,21400000000000,880,99,33.5,0.46,18700000000000,1065,50,,0.442236242515,0.392485626289,0.486929996554,477.510435314,14.8137765012,90.12808,7.593823E+017,956.2185,4.09717E+017,269.087686002
,22200000000000,881,99,34.5,0.525,16600000000000,1090,45,,0.429072985784,0.37847226029,0.474305811107,479.484928172,16.7882693592,100,5.741803E+017,956.2185,4.237077E+017,268.429522452
,22200000000000,893,98,33.25,0.455,17700000000000,1085,70,,0.432474735247,0.378658555771,0.480298335824,479.735248064,17.0385892508,0,7.738981E+017,970.4609,4.188884E+017,270.599539561
,22200000000000,893,98.5,34.5,0.495,18900000000000,1075,65,,0.425299276074,0.358311602423,0.483085648749,483.320358881,20.6237000675,100,6.82079E+017,970.4609,4.206255E+017,270.087383206
,22200000000000,873,102,34.5,0.515,16300000000000,1070,80,,0.405136806104,0.333108060298,0.466165939858,485.586209453,22.8895506397,0,5.7432395E+017,956.2185,4.237527E+017,267.896464736
,22200000000000,878,102.5,33.75,0.46,16200000000000,1065,80,,0.416843874296,0.354695043533,0.470859912468,482.873256385,20.1765975719,0,6.379628E+017,956.2185,4.233956E+017,268.333191088
,22200000000000,896,98.5,34,0.485,16700000000000,1070,40,,0.45816970055,0.424055356004,0.489914282348,475.22922175,12.5325629371,90.12808,6.573866E+017,970.4609,4.227415E+017,269.652850621
,19300000000000,891,100,34.75,0.47,17300000000000,1085,60,,0.446651784129,0.362077193741,0.517586454907,487.449754037,24.7530952235,0,6.371133E+017,956.2185,3.608511E+017,276.848440265
,19300000000000,887,102,33,0.5,18600000000000,1065,75,,0.426942898919,0.314714726096,0.515281591999,494.569769886,31.873111073,0,7.0291505E+017,956.2185,3.621719E+017,276.131007348
,19300000000000,886,98,33.5,0.47,16700000000000,1075,40,,0.478551364566,0.43568316406,0.517883189156,475.6741731,12.9775142865,90.12808,6.71812E+017,956.2185,3.644299E+017,275.348706898
,22100000000000,896,100.5,34.75,0.48,18700000000000,1085,50,,0.42099906876,0.341275578889,0.487864131749,487.327026351,24.6303675378,100,6.891301E+017,970.4609,4.186769E+017,270.413202801
,22100000000000,880,97.5,33.5,0.505,16900000000000,1085,50,,0.439659702647,0.401514995893,0.474749424788,474.893160967,12.1965021536,90.12808,6.087033E+017,956.2185,4.218735E+017,268.484287766
,22100000000000,884,99.5,34.75,0.51,18400000000000,1065,60,,0.424270011237,0.361221146929,0.479092233167,482.33196285,19.6353040374,100,6.700782E+017,956.2185,4.214945E+017,268.782037792
,22100000000000,898,101.5,34.25,0.46,16600000000000,1075,80,,0.42307537822,0.347980829998,0.486718494889,487.021407642,24.3247488288,0,6.699108E+017,970.4609,4.162559E+017,271.214087332
,22300000000000,894,98.5,33.25,0.455,17500000000000,1075,40,,0.454359317315,0.419879555815,0.486401004389,474.655870689,11.9592118762,90.12808,7.202785E+017,970.4609,4.248828E+017,269.341413733
,22300000000000,877,97.5,34,0.46,17600000000000,1090,40,,0.444927858804,0.417260277081,0.470972886958,471.459279747,8.76262093437,100,6.890603E+017,956.2185,4.272601E+017,267.599711923
,22300000000000,873,99,34.25,0.52,18100000000000,1085,60,,0.408851974063,0.343790519653,0.464895635585,481.94358811,19.2469292971,0,6.364123E+017,956.2185,4.258642E+017,267.716807807
,22300000000000,889,101.5,33.75,0.515,16500000000000,1085,60,,0.412097838578,0.334277830078,0.477396679334,487.878279859,25.1816210458,0,5.958969E+017,970.4609,4.227242E+017,269.636243894
,22900000000000,895,98,33.5,0.495,18400000000000,1065,50,,0.439204208263,0.395856710923,0.478641972177,477.34730659,14.650647777,90.12808,7.128583E+017,970.4609,4.358035E+017,268.744152866
,22900000000000,873,98,34,0.48,18100000000000,1090,45,,0.424366730892,0.386325727143,0.459267544164,474.241385844,11.5447270307,100,6.821979E+017,956.2185,4.389764E+017,266.477973604
,22900000000000,885,98,33,0.465,16500000000000,1090,45,,0.443279385197,0.416737826827,0.468319133042,472.426191937,9.72953312424,0,6.4228675E+017,970.4609,4.363422E+017,267.914770804
,22900000000000,896,101.5,35,0.525,16300000000000,1075,50,,0.423277720432,0.359666197238,0.478506304861,485.616917083,22.92025827,100,5.788797E+017,970.4609,4.349941E+017,269.026531904
,22600000000000,870,99.5,33.5,0.515,16900000000000,1070,45,,0.427898337388,0.389134941418,0.463430654626,475.439270013,12.7426111997,90.12808,6.305625E+017,956.2185,4.351841E+017,266.078715359
,22600000000000,900,102,34.5,0.46,17900000000000,1080,60,,0.415311951588,0.333248193379,0.483646230084,488.841737691,26.1450788784,100,6.740888E+017,970.4609,4.267101E+017,270.341394912
,22600000000000,882,101,33.5,0.485,18600000000000,1075,45,,0.414988487898,0.349142485329,0.471731295458,483.251861933,20.5552031195,90.12808,7.167283E+017,956.2185,4.324166E+017,267.644727607
,22600000000000,883,98.5,33.25,0.48,16900000000000,1080,60,,0.431921755584,0.390672170329,0.469561562762,476.298396177,13.6017373643,0,6.5768765E+017,956.2185,4.301921E+017,268.316184296
,18500000000000,887,101.5,33.5,0.5,16600000000000,1070,80,,0.444678593974,0.341733390199,0.527917033161,492.245372785,29.5487139722,0,6.349408E+017,956.2185,3.461294E+017,277.800270083
,18500000000000,891,98.5,34.75,0.48,18700000000000,1065,70,,0.462365007544,0.377782072221,0.533707322707,486.061519678,23.3648608654,100,7.021369E+017,956.2185,3.465813E+017,277.93353771
,18500000000000,891,98.5,34,0.48,18800000000000,1075,50,,0.46545180881,0.383537636207,0.534966965579,485.219120328,22.5224615154,100,7.18785E+017,956.2185,3.473483E+017,277.686527511
,18500000000000,889,100.5,33,0.455,18700000000000,1065,70,,0.453346697257,0.358035192566,0.531843263295,489.019421666,26.3227628534,0,7.4689865E+017,956.2185,3.469261E+017,277.684619517
,20500000000000,892,100,35,0.5,16300000000000,1070,80,,0.442464612777,0.367936036765,0.506135298087,485.901347917,23.2046891043,100,5.716251E+017,970.4609,3.874074E+017,272.733024694
,20500000000000,882,100.5,34,0.51,16800000000000,1065,60,,0.440756095068,0.371164161922,0.500768445076,483.969210355,21.2725515423,100,6.116911E+017,956.2185,3.910473E+017,270.931623221
,20500000000000,882,98,34,0.47,18700000000000,1075,40,,0.456657311307,0.405875468194,0.502331468513,477.140033909,14.4433750955,90.12808,7.457671E+017,956.2185,3.920966E+017,270.621385422
,20500000000000,871,102,34.25,0.485,18000000000000,1085,45,,0.420443879127,0.334671907081,0.491468031108,487.147542931,24.4508841181,100,6.659594E+017,956.2185,3.929697E+017,269.635521151
,23100000000000,878,101,34.75,0.47,17900000000000,1065,55,,0.416417742083,0.365111210947,0.462061982297,479.581125085,16.8844662714,100,7.0914E+017,956.2185,4.428208E+017,266.542257833
,23100000000000,889,99.5,33.25,0.505,18900000000000,1070,70,,0.408990096532,0.339973338438,0.467935815336,484.292574732,21.5959159187,0,7.121355E+017,970.4609,4.38728E+017,268.350925641
,23100000000000,887,102.5,34,0.5,17900000000000,1085,80,,0.381787897027,0.280181857806,0.461543197534,493.41546889,30.7188100767,0,7.306868E+017,970.4609,4.359158E+017,269.008122328
,23100000000000,892,101.5,34,0.465,16200000000000,1065,75,,0.423488916093,0.370293454766,0.470710613291,481.634302495,18.9376436821,90.12808,6.21483E+017,970.4609,4.383389E+017,268.656033227
,22000000000000,890,99.5,34.5,0.47,17000000000000,1085,75,,0.421750069433,0.354561405441,0.479616984588,483.648890152,20.952231339,0,6.8715335E+017,970.4609,4.150056E+017,270.706970102
,22000000000000,888,99,34,0.52,16000000000000,1070,60,,0.442062446142,0.396625880613,0.483245613954,478.678582118,15.9819233047,100,5.689515E+017,970.4609,4.186532E+017,269.48548065
,22000000000000,892,98.5,35,0.495,17200000000000,1075,60,,0.439695234557,0.388098698197,0.485842771936,479.677358807,16.9806999937,100,6.251491E+017,970.4609,4.175055E+017,270.099135983
,22000000000000,875,102,33.5,0.515,19000000000000,1075,60,,0.397047393524,0.304021095525,0.472085202992,489.959577435,27.2629186216,90.12808,6.663549E+017,956.2185,4.207622E+017,268.07571696
,22000000000000,884,97.5,34.75,0.515,17600000000000,1060,65,,0.442852916973,0.401678845717,0.480511724151,476.112876311,13.4162174984,100,6.412012E+017,956.2185,4.195395E+017,268.927413751
,21300000000000,893,101,34.75,0.52,18300000000000,1075,80,,0.411224872562,0.307376308882,0.493691803015,493.563833766,30.8671749532,0,6.471571E+017,970.4609,4.01908E+017,271.827610123
,21300000000000,876,99.5,33.75,0.46,16900000000000,1090,65,,0.425400466008,0.364225303718,0.478822556998,480.701753855,18.0050950417,0,7.089675E+017,956.2185,4.046711E+017,269.922568028
,21300000000000,886,100,34.75,0.465,16400000000000,1065,45,,0.456402145732,0.415455101065,0.493966493052,476.837832712,14.1411738988,100,6.587985E+017,970.4609,4.06926E+017,269.835590685
,21300000000000,878,100.5,34.75,0.52,18300000000000,1060,50,,0.427696364335,0.358569814462,0.487109893441,483.937985576,21.2413267629,100,6.714079E+017,956.2185,4.083813E+017,268.940195695
,21700000000000,884,99,34.5,0.495,18900000000000,1075,75,,0.417056063104,0.341229955226,0.48107550052,484.994422023,22.2977632095,0,6.9716075E+017,956.2185,4.115305E+017,270.021143605
,21700000000000,897,100,33,0.475,18500000000000,1070,55,,0.435012054374,0.364238827011,0.495783270996,484.593520048,21.8968612346,90.12808,7.186495E+017,970.4609,4.114996E+017,270.885405532
,21700000000000,883,101,34.25,0.5,18200000000000,1085,50,,0.414689182047,0.333287215829,0.482549341704,487.196678185,24.5000193719,100,6.502347E+017,956.2185,4.133421E+017,269.446032087
,21700000000000,888,99.5,33,0.475,18400000000000,1060,60,,0.436807045669,0.378086702407,0.488519432321,480.786140237,18.0894814236,90.12808,7.270183E+017,970.4609,4.134566E+017,269.745325953
,22800000000000,884,98.5,34.75,0.49,18200000000000,1090,70,,0.406417293762,0.339772704845,0.463577978748,482.905294159,20.2086353462,0,7.172339E+017,956.2185,4.31065E+017,268.943428084
,22800000000000,884,99,34.5,0.45,18200000000000,1070,55,,0.433822339091,0.394431280457,0.469922981759,475.695498276,12.9988394628,100,7.340993E+017,956.2185,4.351848E+017,267.764406309
,22800000000000,899,99,34.75,0.5,16300000000000,1070,45,,0.449792566695,0.413124237462,0.483689022545,477.086012603,14.3893537899,100,6.207604E+017,970.4609,4.33142E+017,269.28540431
,22800000000000,879,99.5,34.25,0.49,17600000000000,1065,65,,0.422449688528,0.374577632883,0.465423544332,478.213849685,15.5171908717,100,6.628851E+017,956.2185,4.359496E+017,267.296051624
,22800000000000,893,102,34.25,0.45,16100000000000,1075,70,,0.42260275495,0.363466488792,0.474424165181,483.229229644,20.5325708314,0,6.3738345E+017,970.4609,4.317724E+017,269.357636412
,22500000000000,892,101,34.25,0.45,17500000000000,1065,70,,0.426802162786,0.367053563642,0.479157441491,482.269430305,19.572771492,90.12808,6.869305E+017,970.4609,4.271547E+017,269.377950192
,22500000000000,893,100,34.5,0.49,16300000000000,1070,75,,0.429503283195,0.374014598004,0.478601317414,481.69692121,19.0002623974,0,5.9038575E+017,970.4609,4.26082E+017,269.748868678
,19100000000000,883,98,33.25,0.45,17800000000000,1060,80,,0.464877200334,0.408093855604,0.515442555285,478.752134916,16.0554761024,0,7.2033755E+017,956.2185,3.590381E+017,275.932059706
,19100000000000,883,100,33.75,0.465,17600000000000,1065,45,,0.462000700873,0.397225022316,0.51875001384,481.585395216,18.888736403,90.12808,7.147793E+017,956.2185,3.609956E+017,275.315947834
,19100000000000,880,102,33.75,0.485,19000000000000,1085,50,,0.42576620909,0.315568530224,0.512806232741,493.301229754,30.6045709408,90.12808,6.954045E+017,942.3163,3.598144E+017,275.505422092
,19100000000000,891,98,34,0.515,17200000000000,1060,45,,0.475211550331,0.417787938413,0.526407896647,479.963870953,17.2672121396,90.12808,6.51939E+017,956.2185,3.599536E+017,276.257159658
,19100000000000,900,99.5,35,0.485,16900000000000,1070,50,,0.471385748482,0.399612737445,0.533590393294,484.649022004,21.9523631907,100,6.445819E+017,970.4609,3.574695E+017,277.599604359
,19100000000000,878,100,34.25,0.485,16300000000000,1085,75,,0.43726591148,0.354609658829,0.506611236107,486.572302425,23.8756436118,0,6.487243E+017,942.3163,3.576642E+017,276.088207204
,19500000000000,887,102.5,33,0.455,16300000000000,1080,60,,0.440672576729,0.355890844591,0.511591972669,488.562205609,25.8655467961,0,6.6467455E+017,956.2185,3.65909E+017,275.822981183
,19500000000000,886,101.5,33.5,0.46,18900000000000,1085,50,,0.431861580151,0.333842028802,0.511427755041,490.490654543,27.7939957295,90.12808,7.222967E+017,956.2185,3.665276E+017,275.556329239
,19500000000000,899,98.5,34,0.495,17000000000000,1075,60,,0.462584845607,0.39216326751,0.523619566466,484.060187891,21.3635290782,100,6.21649E+017,970.4609,3.640575E+017,277.151154589
,20100000000000,885,102,34.25,0.46,17700000000000,1070,45,,0.443736855952,0.364373089955,0.510917846602,486.286073846,23.5894150332,90.12808,7.077642E+017,970.4609,3.835042E+017,271.681584392
,20100000000000,892,102.5,34.25,0.5,16200000000000,1065,55,,0.44585860616,0.361890459237,0.516347837109,489.17513562,26.4784768073,100,6.015137E+017,970.4609,3.819867E+017,272.66689672
,20100000000000,895,102,34.25,0.465,18300000000000,1090,75,,0.416546769618,0.29303574979,0.511030793498,497.295651584,34.5989927714,0,7.7237915E+017,970.4609,3.768629E+017,274.483191125
,20100000000000,895,102,34.5,0.515,17800000000000,1080,75,,0.420558977061,0.29978540692,0.513681239847,497.472221903,34.7755630904,0,6.4529765E+017,970.4609,3.783499E+017,273.998938459
,20100000000000,879,99,34.75,0.52,16500000000000,1065,45,,0.460368177064,0.409326407926,0.506290044026,478.615879915,15.9192211022,100,6.096875E+017,956.2185,3.850384E+017,270.875669008
,19800000000000,880,101.5,34.5,0.515,16800000000000,1075,75,,0.423205875666,0.330410446467,0.499034430939,490.325670692,27.6290118788,0,5.924453E+017,942.3163,3.719219E+017,274.726821989
,19800000000000,899,98,33.75,0.51,16700000000000,1085,75,,0.44646553964,0.36676039315,0.513955027399,486.930647123,24.2339883096,0,6.5737305E+017,970.4609,3.671789E+017,277.484970999
,19800000000000,875,98,33.75,0.495,18500000000000,1085,70,,0.428382974898,0.351654145874,0.493318667855,483.970301097,21.2736422844,0,7.3361705E+017,942.3163,3.721253E+017,274.360835607
,20400000000000,895,101,34,0.495,18800000000000,1080,45,,0.435586762411,0.339785440937,0.513826341581,490.562936923,27.8662781096,90.12808,6.962911E+017,970.4609,3.870696E+017,272.591267965
,20400000000000,897,97.5,33.5,0.52,17600000000000,1075,65,,0.452732451865,0.382649853131,0.513334623654,483.450320795,20.7536619819,0,6.280654E+017,970.4609,3.852123E+017,273.267099486
,18900000000000,893,98.5,33,0.51,16200000000000,1075,60,,0.468329540166,0.399446241753,0.528306555262,483.294403111,20.5977442974,0,5.8827145E+017,956.2185,3.538566E+017,277.462732444
,18900000000000,876,98.5,33.75,0.485,17400000000000,1065,65,,0.459156828525,0.397207372305,0.513688903666,479.964648157,17.2679893437,90.12808,6.589937E+017,942.3163,3.571813E+017,275.216793365
,18900000000000,871,101,34.75,0.46,17500000000000,1075,80,,0.432089918158,0.343000406014,0.50572138201,487.180291905,24.4836330918,0,6.845957E+017,942.3163,3.559199E+017,275.261123495
,18900000000000,874,101.5,34,0.46,16200000000000,1075,60,,0.448952536414,0.376489334039,0.511246067231,483.966307765,21.2696489516,90.12808,6.200228E+017,942.3163,3.571737E+017,275.084252081
,18900000000000,892,97.5,33.25,0.47,17000000000000,1075,70,,0.470541712953,0.407749934691,0.525888769624,480.833488904,18.1368300907,0,6.8791875E+017,956.2185,3.532161E+017,277.605488765
,23500000000000,873,101.5,34.5,0.495,18300000000000,1060,55,,0.403781857406,0.346357365902,0.454000167209,481.272479105,18.5758202923,100,7.052396E+017,956.2185,4.518375E+017,265.334634379
,23500000000000,894,101,34.5,0.47,16100000000000,1075,55,,0.428166350005,0.383676638213,0.468449659881,479.64747299,16.9508141765,100,6.240311E+017,970.4609,4.465471E+017,268.11253918
,23500000000000,899,100.5,33.5,0.51,16900000000000,1065,45,,0.429989101874,0.379767941867,0.474929011317,481.300753931,18.6040951182,90.12808,6.468374E+017,970.4609,4.468243E+017,268.286142247
,23500000000000,888,101,35,0.48,17500000000000,1070,55,,0.416283023885,0.362105574797,0.464179560785,481.351622532,18.6549637186,100,6.741348E+017,970.4609,4.480488E+017,267.303410432
,23500000000000,885,100,33.75,0.475,16000000000000,1065,40,,0.442944290773,0.420541449249,0.464267357157,472.81809185,10.1214330366,90.12808,6.59161E+017,970.4609,4.501689E+017,266.494940246
,20600000000000,888,100.5,33.25,0.505,18900000000000,1065,60,,0.430671494951,0.341664784938,0.504203379461,488.519700655,25.8230418416,90.12808,6.986992E+017,970.4609,3.918643E+017,271.519419632
,20600000000000,884,100,33.25,0.52,16200000000000,1080,60,,0.437665994139,0.366589701423,0.498713380272,484.588013473,21.8913546597,0,5.8325005E+017,956.2185,3.912643E+017,271.403364133
,20600000000000,878,101.5,34.5,0.51,17100000000000,1080,50,,0.427431496907,0.346429607577,0.495360369923,487.02768057,24.3310217567,100,6.087165E+017,956.2185,3.936071E+017,270.370061592
,20600000000000,879,98.5,33.75,0.52,17300000000000,1080,50,,0.442917361497,0.382307768237,0.496177738896,480.529537376,17.8328785631,100,6.139295E+017,956.2185,3.934032E+017,270.490396799
,20600000000000,876,99.5,33.25,0.455,16200000000000,1080,60,,0.448452955632,0.399926440727,0.492218395469,477.385546095,14.6888872821,0,6.534007E+017,956.2185,3.93021E+017,270.416947641
,20600000000000,891,100,34.75,0.475,18500000000000,1065,70,,0.438199144389,0.358202389601,0.50569558864,486.191550834,23.4948920211,100,6.960114E+017,970.4609,3.906846E+017,272.090381815
,21800000000000,889,99,33.5,0.49,18900000000000,1065,45,,0.43862626393,0.381452536354,0.489162510141,480.385068281,17.6884094675,90.12808,7.398565E+017,970.4609,4.160865E+017,269.479388756
,21800000000000,886,100,34.25,0.485,16700000000000,1060,55,,0.443712571498,0.396883394394,0.486050679935,478.612343327,15.9156845137,100,6.458536E+017,970.4609,4.160729E+017,269.246417611
,21800000000000,887,102,34.5,0.48,18800000000000,1085,50,,0.40991956112,0.318470479047,0.484401328603,489.982962164,27.2863033511,100,6.895399E+017,970.4609,4.145467E+017,269.783314272
,21800000000000,890,101,34.25,0.505,17100000000000,1085,65,,0.414110264001,0.329415546211,0.48421071799,488.87013676,26.1734779474,0,6.2781075E+017,970.4609,4.123221E+017,270.654419969
,20300000000000,899,98,34.5,0.465,16900000000000,1090,70,,0.450667115741,0.378720303156,0.512613529277,484.232909833,21.5362510202,0,6.9086465E+017,970.4609,3.804898E+017,274.41799617
,20300000000000,871,102,33.75,0.505,16800000000000,1080,50,,0.426461558298,0.345411503774,0.494398436964,486.525591248,23.8289324348,90.12808,6.049792E+017,956.2185,3.889688E+017,269.982382856
,20300000000000,898,99.5,34.25,0.49,16500000000000,1080,65,,0.450469442047,0.37501268094,0.514986335324,485.818424103,23.1217652904,0,6.05812E+017,970.4609,3.825898E+017,273.70117154
,20300000000000,879,98,33.25,0.475,18000000000000,1080,65,,0.443125332589,0.379997456208,0.498319229049,480.287236732,17.5905779188,0,7.243609E+017,956.2185,3.860665E+017,271.434509989
,20300000000000,893,100.5,35,0.495,17800000000000,1090,65,,0.42550921797,0.322487823428,0.508052943005,492.407182016,29.7105232025,0,6.5386635E+017,970.4609,3.822644E+017,273.536995625
,23900000000000,889,101,35,0.505,17100000000000,1070,60,,0.410125506899,0.354054229139,0.4594033801,482.423380401,19.7267215881,100,6.266522E+017,970.4609,4.551281E+017,267.026686425
,23900000000000,883,97.5,33.75,0.49,16800000000000,1080,55,,0.431926370755,0.408457187289,0.454184440133,471.703049846,9.00639103327,90.12808,6.317148E+017,956.2185,4.559142E+017,266.412659274
,23900000000000,871,100.5,34,0.475,16600000000000,1080,50,,0.414309683256,0.379325156682,0.446561812953,474.841989613,12.1453308,90.12808,6.405737E+017,956.2185,4.591638E+017,264.795378326
,23900000000000,877,100,35,0.5,16500000000000,1060,60,,0.421912749322,0.389939347513,0.451628211411,474.975561621,12.2789028083,100,6.270125E+017,956.2185,4.584959E+017,265.384762888
,23000000000000,893,100.5,33,0.51,18300000000000,1065,45,,0.421594641474,0.358742283841,0.47622269709,483.532702718,20.8360439051,90.12808,6.971424E+017,970.4609,4.385618E+017,268.264540104
,23000000000000,900,100.5,34.75,0.475,18000000000000,1060,60,,0.428714924515,0.369148024512,0.480960194821,482.953786109,20.2571272957,100,7.060698E+017,970.4609,4.359737E+017,269.331381638
,23000000000000,897,101,34.75,0.48,18300000000000,1090,55,,0.406959161605,0.325452901467,0.474670335448,488.398876193,25.7022173799,0,6.7447435E+017,970.4609,4.345407E+017,269.618637151
,23000000000000,896,100,34,0.495,17100000000000,1070,55,,0.429676506953,0.376331032883,0.477094073473,481.236765889,18.5401070762,90.12808,6.425813E+017,970.4609,4.368045E+017,268.921413827
,18300000000000,900,99.5,33.25,0.51,18400000000000,1080,45,,0.464280555718,0.362407907844,0.547515641025,490.942520091,28.2458612782,90.12808,6.742197E+017,970.4609,3.419716E+017,279.1276365
,18300000000000,880,98,34.25,0.51,18100000000000,1065,65,,0.462366758878,0.386025190326,0.527778923285,483.327001794,20.6303429811,100,6.579112E+017,942.3163,3.448026E+017,276.821849971
,18300000000000,877,101,33.75,0.52,17900000000000,1065,75,,0.438920353404,0.332877882661,0.52392219699,491.826795701,29.1301368882,100,6.236881E+017,942.3163,3.447364E+017,276.660192081
,18300000000000,878,99,33.25,0.5,16400000000000,1075,50,,0.469136268236,0.403359139737,0.526762831585,481.231949406,18.5352905926,90.12808,6.130353E+017,942.3163,3.456982E+017,276.415577889
,18300000000000,898,102,33.5,0.485,18300000000000,1075,65,,0.446308437857,0.321445841834,0.543189666851,497.29947325,34.6028144374,0,6.897042E+017,956.2185,3.409215E+017,279.318273367
,18300000000000,881,101,33.25,0.47,16400000000000,1065,75,,0.457675118151,0.374897274976,0.527622081384,486.387387941,23.6907291282,0,6.399576E+017,942.3163,3.439948E+017,277.146130577
,19400000000000,871,99.5,34.75,0.485,18800000000000,1080,80,,0.42030457626,0.327490815973,0.496046005028,487.842714947,25.1460561339,0,7.275721E+017,942.3163,3.648096E+017,274.627218423
,19400000000000,876,100.5,33.75,0.48,18200000000000,1060,50,,0.445850317856,0.374358514612,0.507366449819,483.267596287,20.5709374736,90.12808,7.205472E+017,942.3163,3.680631E+017,273.959428917
,19400000000000,873,101.5,34.25,0.46,17100000000000,1070,65,,0.437798239621,0.362360897704,0.502025076113,484.578849417,21.8821906044,100,6.551539E+017,942.3163,3.669734E+017,274.088285142
,19900000000000,887,100,34,0.455,17000000000000,1085,40,,0.456096479708,0.39787018821,0.507688202481,480.786122565,18.089463752,90.12808,6.742287E+017,956.2185,3.752108E+017,274.65228167
,19900000000000,875,102.5,35,0.465,18400000000000,1065,75,,0.418408711539,0.324191742097,0.495006478887,489.710677408,27.0140185947,100,6.909351E+017,942.3163,3.758756E+017,273.615606021
,19900000000000,894,102.5,34,0.51,17400000000000,1070,50,,0.435297418575,0.338495664326,0.514187096755,492.505982219,29.8093234063,90.12808,6.354239E+017,956.2185,3.738853E+017,275.519038219
,19900000000000,881,99.5,34.75,0.51,18600000000000,1085,55,,0.427847372466,0.341466753329,0.499506961537,487.578662768,24.8820039545,100,6.475591E+017,942.3163,3.744101E+017,274.440050903
,19900000000000,896,98,33,0.48,16800000000000,1060,45,,0.478359002544,0.435558678713,0.517632406277,476.584317827,13.8876590139,90.12808,6.829231E+017,956.2185,3.743045E+017,275.496901461
,21100000000000,872,101,33.75,0.475,17300000000000,1070,50,,0.432185519677,0.372525656909,0.48455472527,480.583446935,17.8867881222,90.12808,6.734564E+017,956.2185,4.051478E+017,268.633137354
,21100000000000,872,101.5,33.25,0.45,16900000000000,1070,60,,0.431692948795,0.373038595596,0.483280260588,480.390494527,17.693835714,90.12808,6.715872E+017,956.2185,4.043141E+017,268.875963672
,21100000000000,886,101.5,33,0.52,18100000000000,1065,60,,0.421648633615,0.332549322604,0.494960693888,489.431210618,26.7345518047,90.12808,6.52558E+017,970.4609,4.01824E+017,270.499642968
,21100000000000,886,101.5,33,0.465,17800000000000,1090,65,,0.413409289219,0.319320128372,0.489743949878,490.019194904,27.3225360906,0,7.72891E+017,970.4609,3.987393E+017,271.443547056
,21100000000000,883,99,33.25,0.5,18700000000000,1080,50,,0.431687779583,0.361534234846,0.491936657627,483.042149251,20.3454904383,90.12808,6.871796E+017,956.2185,4.021672E+017,270.20869549
,20700000000000,871,101,34.5,0.49,18600000000000,1080,40,,0.425979492433,0.350509061259,0.489959645197,484.277555627,21.5808968142,100,7.020812E+017,956.2185,3.977859E+017,269.047639535
,20700000000000,883,102.5,34.75,0.47,16200000000000,1080,80,,0.419508358344,0.329902554057,0.493091097332,489.657323282,26.9606644686,0,6.389002E+017,956.2185,3.914285E+017,271.744014322
,20700000000000,891,97.5,34.75,0.475,18000000000000,1080,50,,0.457653946242,0.405027382376,0.504823819315,478.422256816,15.7255980025,100,6.839992E+017,970.4609,3.931484E+017,271.779581101
,20700000000000,895,101.5,35,0.51,16600000000000,1060,65,,0.441878849909,0.362593789837,0.508959310324,488.142362831,25.4457040175,100,6.013851E+017,970.4609,3.925787E+017,272.18730946
,20700000000000,898,98,33.25,0.46,19000000000000,1085,70,,0.439337564292,0.359693035851,0.506612189705,485.811823252,23.1151644386,0,8.2455285E+017,970.4609,3.890634E+017,273.440868294
,24000000000000,894,99,34.75,0.47,16700000000000,1070,60,,0.433623273458,0.402975631027,0.462243363789,474.983824549,12.2871657361,100,6.514136E+017,970.4609,4.561033E+017,267.476940123
,24000000000000,871,102,33.5,0.47,17300000000000,1070,70,,0.395576900384,0.340396034015,0.443951245366,480.443610165,17.7469513519,0,6.8827295E+017,956.2185,4.599186E+017,264.974581724
,19700000000000,880,102,34.75,0.475,16900000000000,1090,65,,0.420344334643,0.323198532506,0.498920262084,490.900872302,28.2042134887,0,6.4924915E+017,942.3163,3.690698E+017,275.195238772
,19700000000000,889,102.5,34.25,0.47,17600000000000,1075,70,,0.427148248855,0.32475148334,0.50936011531,492.728278767,30.0316199539,0,6.659538E+017,956.2185,3.689634E+017,275.874331975
,19700000000000,892,102,34.25,0.52,18700000000000,1065,40,,0.437002142012,0.338230435223,0.517244542682,492.511860428,29.8152016151,100,6.922584E+017,956.2185,3.713944E+017,275.320558065
,19200000000000,872,98.5,33.5,0.46,17600000000000,1070,65,,0.454791101328,0.398914394925,0.504516795772,478.114134892,15.4174760788,90.12808,6.84498E+017,942.3163,3.632851E+017,274.301978114
,19200000000000,872,98.5,34.25,0.5,16500000000000,1070,50,,0.462763131537,0.414424372726,0.506509497552,476.907020246,14.2103614329,100,6.194691E+017,942.3163,3.644706E+017,273.931099734
,19200000000000,890,102,33.75,0.48,18500000000000,1070,55,,0.438573384076,0.335664807014,0.521557632263,492.269405964,29.5727471506,90.12808,7.0436E+017,956.2185,3.608545E+017,276.337080867
,19200000000000,885,102.5,33,0.465,18400000000000,1080,75,,0.420914556877,0.30317877932,0.512270198384,495.560887785,32.8642289717,0,7.956514E+017,956.2185,3.589772E+017,276.576673643
,19200000000000,880,97.5,33.25,0.495,17000000000000,1085,80,,0.442903219657,0.369574758984,0.505708435255,483.34851601,20.6518571973,0,7.2237395E+017,942.3163,3.586236E+017,276.334458559
,19200000000000,880,100.5,34,0.515,16500000000000,1090,65,,0.430261030896,0.336120398356,0.507220057988,489.972597033,27.2759382195,0,6.1783135E+017,942.3163,3.595161E+017,276.043919083
,21900000000000,897,98.5,33.25,0.485,17300000000000,1090,45,,0.443118436491,0.388412590554,0.491775921549,480.362441145,17.6657823315,90.12808,6.427007E+017,970.4609,4.14786E+017,270.768305727
,18600000000000,893,98.5,33.5,0.475,17200000000000,1085,50,,0.469976156819,0.396201879227,0.533647118285,483.688547504,20.9918886905,90.12808,6.482598E+017,956.2185,3.481713E+017,277.988407388
,18600000000000,875,100.5,33.75,0.46,17400000000000,1075,50,,0.455365284417,0.381601326605,0.518744168196,483.231409358,20.5347505448,90.12808,6.856925E+017,942.3163,3.520362E+017,275.486506555
,18600000000000,875,98.5,34.75,0.49,18700000000000,1065,55,,0.457704832404,0.386592277082,0.519166484389,481.820208133,19.1235493199,100,7.110695E+017,942.3163,3.522188E+017,275.425153868
,18600000000000,894,98,34.25,0.515,17600000000000,1065,70,,0.466778429387,0.387018391192,0.534771885164,485.420092088,22.7234332745,100,6.292787E+017,956.2185,3.479491E+017,278.116765349
,20900000000000,879,98.5,33.25,0.5,18000000000000,1070,55,,0.441542858413,0.384193646504,0.492255455651,479.384241885,16.6875830721,90.12808,6.732834E+017,956.2185,3.995178E+017,269.931643948
,20900000000000,881,99,34.25,0.46,17800000000000,1075,55,,0.445179635271,0.391217358679,0.493273548437,478.662362538,15.9657037253,100,6.911164E+017,956.2185,3.987256E+017,270.284357495
,20900000000000,871,102,34.25,0.49,17800000000000,1075,65,,0.412196987719,0.325106975346,0.483857590569,487.705202094,25.0085432809,100,6.402808E+017,956.2185,3.996158E+017,269.347299069
,20900000000000,873,99.5,33.5,0.485,16100000000000,1060,50,,0.455208378676,0.418473583697,0.489192391377,474.47436308,11.7777042664,90.12808,6.365757E+017,956.2185,4.016244E+017,268.900662936
,22700000000000,895,100.5,33,0.5,16900000000000,1075,80,,0.413574066392,0.340055223895,0.47586706283,486.496898852,23.8002400386,0,6.8725875E+017,970.4609,4.284065E+017,270.025821233
,22700000000000,880,98.5,33.75,0.495,16100000000000,1090,50,,0.432812239726,0.396887800696,0.465975260472,475.12896125,12.4323024368,0,5.8897325E+017,956.2185,4.329789E+017,267.792199422
,22700000000000,872,100.5,34.5,0.48,18000000000000,1070,50,,0.417632618536,0.366848016228,0.462878538194,478.651431463,15.9547726499,100,6.990225E+017,956.2185,4.363301E+017,266.32100675
,22700000000000,872,100.5,34,0.515,17700000000000,1090,70,,0.389168798965,0.308292023697,0.455917466544,486.482946323,23.7862875099,0,6.892248E+017,956.2185,4.316965E+017,267.633479598
,21500000000000,886,98.5,35,0.525,16400000000000,1075,65,,0.439528033203,0.386089832483,0.4871390204,480.289151999,17.5924931854,100,5.633049E+017,970.4609,4.083587E+017,270.254360887
,21500000000000,892,100.5,34,0.475,17800000000000,1065,50,,0.440025360892,0.376485343645,0.495483019362,482.775511622,20.0788528092,90.12808,6.995824E+017,970.4609,4.093945E+017,270.381258407
,21500000000000,885,99.5,33,0.49,17400000000000,1065,80,,0.430055190256,0.365605457126,0.486032491766,482.271172481,19.5745136678,0,6.861044E+017,970.4609,4.082171E+017,270.207022364
,23400000000000,898,100.5,33.75,0.455,18000000000000,1090,60,,0.410158151286,0.340791764326,0.469382990212,485.222211944,22.5255531309,0,7.5691365E+017,970.4609,4.412932E+017,269.383506304
,23400000000000,870,101.5,34.25,0.5,17300000000000,1085,70,,0.386529284926,0.314265376814,0.447266194952,484.576219474,21.8795606612,0,6.7364795E+017,956.2185,4.46415E+017,266.194273534
,23400000000000,900,102.5,34.75,0.475,16400000000000,1065,45,,0.428916062378,0.374571231912,0.477110437275,483.42725244,20.730593627,100,6.564272E+017,970.4609,4.446513E+017,268.528314583
,23400000000000,882,100.5,33.25,0.48,17500000000000,1065,60,,0.417282200273,0.368723227291,0.460751615283,479.085923663,16.3892648503,90.12808,6.838312E+017,956.2185,4.472604E+017,266.733770836
,23400000000000,887,100.5,34.25,0.495,16100000000000,1070,55,,0.427172621726,0.386002923148,0.464709200282,478.313715345,15.6170565323,100,6.091437E+017,970.4609,4.463254E+017,267.301776612
,18800000000000,891,101.5,33,0.485,18900000000000,1070,45,,0.447748169747,0.345263209259,0.53080143496,491.633474293,28.93681548,90.12808,7.38246E+017,956.2185,3.537664E+017,276.924892484
,18800000000000,879,99.5,35,0.465,17400000000000,1065,60,,0.461305521195,0.395764067153,0.51862931938,481.33971903,18.6430602172,100,6.782938E+017,942.3163,3.550029E+017,275.665412652
,18800000000000,879,98,34,0.455,17900000000000,1085,75,,0.447913408746,0.372112442086,0.512625763997,483.305891317,20.609232504,0,7.6406645E+017,942.3163,3.517124E+017,276.746526617
,18800000000000,882,99,35,0.51,17100000000000,1070,80,,0.448869287762,0.366977279723,0.51797195982,486.139985703,23.4433268901,100,5.925826E+017,942.3163,3.524887E+017,276.646599482
,18800000000000,885,98.5,33.5,0.49,16200000000000,1060,65,,0.474774055429,0.419702282563,0.524090451572,479.14471703,16.4480582172,90.12808,6.194884E+017,956.2185,3.539657E+017,276.408273058
,22400000000000,897,100,34.5,0.515,19000000000000,1080,70,,0.407222280711,0.315200361318,0.48198413256,490.700165955,28.0035071423,0,6.8076025E+017,970.4609,4.2248E+017,270.602728917
,22400000000000,885,98.5,33.25,0.51,18000000000000,1085,40,,0.431264307227,0.380752831788,0.476450507882,478.767641286,16.0709824731,90.12808,6.615796E+017,970.4609,4.277045E+017,268.319631674
,20000000000000,877,101,33.5,0.45,18600000000000,1060,75,,0.435455696548,0.354784370959,0.503360087249,485.222556716,22.5258979033,90.12808,7.368776E+017,956.2185,3.816908E+017,271.339712247
,20000000000000,872,99,33.75,0.51,16100000000000,1085,50,,0.448917598966,0.392386010466,0.499086405458,479.263321591,16.566662778,100,5.72204E+017,956.2185,3.825533E+017,270.728443903
,20000000000000,899,100.5,34.5,0.49,16400000000000,1060,60,,0.462431042245,0.390785342059,0.52437749198,485.231138918,22.5344801046,100,6.228938E+017,970.4609,3.785733E+017,273.67622
,20000000000000,899,98,34,0.48,18700000000000,1060,75,,0.459205016064,0.38539138107,0.522696830823,483.851636042,21.1549772285,100,7.087993E+017,970.4609,3.775884E+017,273.985454929
,18200000000000,881,102,34.25,0.48,17800000000000,1070,55,,0.448472484148,0.346642429107,0.531125375424,490.978480519,28.2818217059,100,6.745484E+017,942.3163,3.430395E+017,277.014155222
,18200000000000,893,98,34,0.505,18000000000000,1085,45,,0.47088808766,0.387135348121,0.541846292259,485.750384888,23.0537260746,100,6.550611E+017,956.2185,3.409956E+017,278.578266257
,18200000000000,879,100,34,0.49,18300000000000,1080,45,,0.454497943186,0.364369461952,0.529501327588,487.138497117,24.4418383038,100,6.858915E+017,942.3163,3.436173E+017,276.710227394
,18200000000000,874,97.5,34.75,0.455,17400000000000,1060,40,,0.491162889026,0.451709094443,0.527674957819,472.957426235,10.2607674223,100,7.290269E+017,942.3163,3.458767E+017,275.641850406
,19000000000000,887,100,33.25,0.505,17400000000000,1080,65,,0.441912214238,0.34785318547,0.519202245319,489.470462128,26.7738033148,0,6.61098E+017,956.2185,3.558289E+017,276.858469104
,19000000000000,895,100,33.5,0.515,17400000000000,1070,55,,0.455802882214,0.367212455904,0.529780659422,488.668130598,25.9714717851,90.12808,6.312183E+017,956.2185,3.560935E+017,277.291484724
,19000000000000,874,102.5,34.5,0.48,17000000000000,1080,40,,0.441614888976,0.357774068695,0.511903444117,487.345272547,24.6486137335,100,6.505759E+017,942.3163,3.605291E+017,274.46220691
,19000000000000,892,100.5,33,0.485,17500000000000,1070,75,,0.446172236379,0.351046069779,0.524314777518,489.938293838,27.2416350252,0,6.964607E+017,956.2185,3.551953E+017,277.407975606
,18000000000000,892,101.5,34.75,0.49,18600000000000,1080,60,,0.446303256316,0.322046557842,0.542825209233,496.556566862,33.8599080486,100,6.661084E+017,956.2185,3.363405E+017,279.170515165
,21200000000000,882,99,33.5,0.46,17700000000000,1075,70,,0.435831099022,0.377198126248,0.487461862411,480.074303826,17.3776450133,0,7.180753E+017,956.2185,4.029064E+017,270.362890968
,21200000000000,871,98.5,33.25,0.47,17200000000000,1075,60,,0.44093534356,0.397635613956,0.480347658384,475.181793652,12.4851348388,0,6.6148115E+017,956.2185,4.059716E+017,268.735640986
,21200000000000,876,98,34.75,0.5,16400000000000,1080,55,,0.446894663537,0.406226852101,0.484158471193,475.435297237,12.7386384235,100,5.923011E+017,956.2185,4.051735E+017,269.341159276
