sprocess,sprocess,sprocess,sprocess,sprocess,sprocess,sprocess,sprocess,sprocess,sprocess,sprocess,svisualpy,,,,,,,,,,
sprocess1,sprocess,sprocess,sprocess,sprocess,sprocess,sprocess,sprocess,sprocess,sprocess,sprocess,svisualpy1,,,,,,,,,,
,DNW_DOSE,DNW_E,DNW_TRIM_E,DNW_TRIM_FRAC,PW_TRIM_E,PW_FIXED_E,PW_TRIM_FRAC,PW_TOTAL_DOSE,RTA_T,RTA_t,,SCORE,PW_RP,PW_PK_R,DNW_RP,DNW_PK_R,DNW_SIG,JUNC,P462_R,SLOPE_R,SPLIT
,30000000000000,935,650,0.15,85,36,0.5,20600000000000,1050,30,,35.8253020028,100,1.4752194958,970.4609,1.63608349206,277.480039628,417.415942419,0.485831828687,1.94965547286,0
,30000000000000,935,650,0.15,85,36,0.525,20600000000000,1050,30,,35.6540667083,100,1.42308504202,970.4609,1.6360431746,277.484223901,419.077194684,0.485862080537,1.94960861932,0.000184178696132
,30000000000000,935,650,0.25,85,36,0.5,20600000000000,1050,30,,35.5675604737,100,1.47519613445,942.3163,1.56848920635,282.568619466,409.919080812,0.610937255001,1.94701558828,0
,30000000000000,935,650,0.25,85,36,0.525,20600000000000,1050,30,,35.4121473252,100,1.42305378151,942.3163,1.56845587302,282.572868285,411.577691879,0.610975069813,1.94695797317,0.000182330266304
,30000000000000,935,650,0.35,85,36,0.5,20600000000000,1050,30,,35.6090571021,100,1.47515966387,889.9498,1.57628761905,286.28528448,404.110101269,0.73723587363,1.95199444988,0
,30000000000000,935,650,0.35,85,36,0.525,20600000000000,1050,30,,35.4662722802,100,1.4230205042,889.9498,1.57624857143,286.289504754,405.665662513,0.737280737525,1.9519299244,0.000180648172578
,30000000000000,935,650,0.45,85,36,0.5,20600000000000,1050,30,,35.3086217041,100,1.4751297479,842.4105,1.58521650794,286.962146488,398.516053686,0.888844161592,1.97177141036,0
,30000000000000,935,650,0.45,85,36,0.525,20600000000000,1050,30,,35.1754892984,100,1.42298941176,842.4105,1.58517238095,286.966437931,399.966298079,0.888898314266,1.97169161885,0.000178680862584
,30000000000000,935,750,0.15,85,36,0.5,20600000000000,1050,30,,36.4111054693,100,1.47523932773,985.0519,1.75826222222,268.804488289,426.234937472,0.375121034085,1.96059403499,0
,30000000000000,935,750,0.15,85,36,0.525,20600000000000,1050,30,,36.20455425,100,1.4230892437,985.0519,1.75820380952,268.808978793,428.014935853,0.37514776124,1.96056752948,0.000184534121642
,30000000000000,935,750,0.25,85,36,0.5,20600000000000,1050,30,,36.8092050899,100,1.47521647059,970.4609,1.75413365079,270.073034773,421.962418643,0.426434964383,1.96219165874,0
,30000000000000,935,750,0.25,85,36,0.525,20600000000000,1050,30,,36.6271429262,100,1.42308521008,970.4609,1.75407809524,270.07739035,423.592847714,0.426463527253,1.96215906451,0.000183703776888
,30000000000000,935,750,0.35,85,36,0.5,20600000000000,1050,30,,37.4366936466,100,1.47519378151,942.3163,1.77349428571,271.572242245,417.961074466,0.478952770064,1.97357355027,0
,30000000000000,935,750,0.35,85,36,0.525,20600000000000,1050,30,,37.261225904,100,1.42305394958,942.3163,1.77343174603,271.576648048,419.677927289,0.478985628446,1.97353725373,0.000182306256318
,30000000000000,935,750,0.45,85,36,0.5,20600000000000,1050,30,,37.4379093039,100,1.47518689076,928.7461,1.76803873016,271.198306594,414.418389449,0.538491863854,1.99864711641,0
,30000000000000,935,750,0.45,85,36,0.525,20600000000000,1050,30,,37.2785547932,100,1.42304252101,928.7461,1.7679768254,271.202789009,415.967431494,0.53853008234,1.9986036008,0.000181239173388
,30000000000000,955,650,0.15,85,36,0.5,20600000000000,1050,30,,33.8942715912,100,1.47524722689,1000,1.60154444444,281.491394092,419.170657047,0.460903205484,1.93882946982,0
,30000000000000,955,650,0.15,85,36,0.525,20600000000000,1050,30,,33.7167744117,100,1.42310268908,1000,1.60150761905,281.495337452,420.865155786,0.460930997537,1.93878251703,0.000185363877247
,30000000000000,955,650,0.25,85,36,0.5,20600000000000,1050,30,,34.9144402403,100,1.47519495798,956.2185,1.51869714286,287.39142357,411.126530667,0.588997169892,1.9394603718,0
,30000000000000,955,650,0.25,85,36,0.525,20600000000000,1050,30,,34.7579606425,100,1.42305983193,956.2185,1.51867111111,287.395323481,412.758984352,0.589031001386,1.9394028122,0.000183113044304
,30000000000000,955,650,0.35,85,36,0.5,20600000000000,1050,30,,35.2710070951,100,1.47517747899,889.9498,1.51993238095,291.651887545,404.921900382,0.717939364282,1.94563335109,0
,30000000000000,955,650,0.35,85,36,0.525,20600000000000,1050,30,,35.1277090529,100,1.42302201681,889.9498,1.5198968254,291.656128834,406.459160438,0.717984595321,1.94556744152,0.000181241497848
,30000000000000,955,650,0.45,85,36,0.5,20600000000000,1050,30,,34.9493086306,100,1.47513226891,842.4105,1.5338615873,292.556185452,399.046505873,0.872578959451,1.96773526525,0
,30000000000000,955,650,0.45,85,36,0.525,20600000000000,1050,30,,34.8160421076,100,1.42299596639,842.4105,1.5338215873,292.560360726,400.483643544,0.872631184624,1.96765508343,0.000179344965493
,30000000000000,955,750,0.15,85,36,0.5,20600000000000,1050,30,,35.2354666207,100,1.47524941176,1000,1.72599365079,272.148326763,428.710947837,0.350191805218,1.94739295119,0
,30000000000000,955,750,0.15,85,36,0.525,20600000000000,1050,30,,35.0217128616,100,1.42311445378,1000,1.72594603175,272.152274191,430.44070867,0.350214090126,1.94736663565,0.000185955951096
,30000000000000,955,750,0.25,85,36,0.5,20600000000000,1050,30,,36.6833615679,100,1.47523848739,970.4609,1.71553873016,273.953263468,423.698255757,0.404488638148,1.95226464835,0
,30000000000000,955,750,0.25,85,36,0.525,20600000000000,1050,30,,36.4982376557,100,1.42309915966,970.4609,1.71548698413,273.957484017,425.288642594,0.404515402139,1.95223268786,0.000184794374993
,30000000000000,955,750,0.35,85,36,0.5,20600000000000,1050,30,,36.8728630621,100,1.47521210084,956.2185,1.73330984127,275.818862857,419.372376672,0.459652956734,1.96478996976,0
,30000000000000,955,750,0.35,85,36,0.525,20600000000000,1050,30,,36.6950516605,100,1.42306890756,956.2185,1.73325111111,275.823219094,421.060767089,0.45968443833,1.96475419336,0.000183278106465
,30000000000000,955,750,0.45,85,36,0.5,20600000000000,1050,30,,37.2587108471,100,1.47519260504,928.7461,1.72961428571,275.577144921,415.371711792,0.522222348087,1.99294980008,0
,30000000000000,955,750,0.45,85,36,0.525,20600000000000,1050,30,,37.0984962759,100,1.42305848739,928.7461,1.72955904762,275.581416357,416.898091171,0.522257941623,1.99290645739,0.000182210952736
,26000000000000,935,650,0.15,85,36,0.5,20600000000000,1050,30,,35.5937914532,100,1.4786512605,970.4609,1.41552857143,281.452251381,421.890827357,0.418937386416,1.94946534871,0
,26000000000000,935,650,0.15,85,36,0.525,20600000000000,1050,30,,35.415676301,100,1.42622957983,970.4609,1.41549269841,281.456452098,423.526318439,0.418964444182,1.94941973329,0.000969801565411
,26000000000000,935,650,0.25,85,36,0.5,20600000000000,1050,30,,35.7108172795,100,1.47861882353,928.7461,1.36864761905,287.948418909,414.20429523,0.528231698201,1.95668650313,0
,26000000000000,935,650,0.25,85,36,0.525,20600000000000,1050,30,,35.5555872688,100,1.42620067227,928.7461,1.36861555556,287.952528664,415.761946803,0.528264795408,1.95663071587,0.000964229326447
,26000000000000,935,650,0.35,85,36,0.5,20600000000000,1050,30,,35.3971071265,100,1.47858638655,889.9498,1.34070571429,290.928698153,407.478503433,0.654127632966,1.97373040563,0
,26000000000000,935,650,0.35,85,36,0.525,20600000000000,1050,30,,35.2569627346,100,1.42615546218,889.9498,1.34067460317,290.932874719,408.940853658,0.654169412983,1.97365773059,0.000956131048767
,26000000000000,935,650,0.45,85,36,0.5,20600000000000,1050,30,,35.1585173713,100,1.47855142857,842.4105,1.34177777778,291.723678271,401.71221807,0.790542314024,1.99435386413,0
,26000000000000,935,650,0.45,85,36,0.525,20600000000000,1050,30,,35.0216141719,100,1.4261389916,842.4105,1.34174571429,291.727816747,403.30188396,0.790590298939,1.99426676849,0.000951096525172
,26000000000000,935,750,0.15,85,36,0.5,20600000000000,1050,30,,35.6643643709,100,1.47553411765,985.0519,1.52234349206,272.763709973,435.558096385,0.32324587462,1.95941327885,0
,26000000000000,935,750,0.15,85,36,0.525,20600000000000,1050,30,,35.4178975124,100,1.4229487395,985.0519,1.52229238095,272.768179061,437.228450173,0.323268710242,1.95938279071,0.000254325052315
,26000000000000,935,750,0.25,85,36,0.5,20600000000000,1050,30,,37.019891415,100,1.47865058824,956.2185,1.52277174603,275.56806495,426.258079409,0.368759221672,1.9743953148,0
,26000000000000,935,750,0.25,85,36,0.525,20600000000000,1050,30,,36.8170311119,100,1.42622621849,956.2185,1.52271873016,275.572398457,428.041649461,0.368785434949,1.97436480273,0.000968713604821
,26000000000000,935,750,0.35,85,36,0.5,20600000000000,1050,30,,37.1365976292,100,1.47862806723,942.3163,1.51394095238,276.077719372,422.152157709,0.418572804559,1.9957716675,0
,26000000000000,935,750,0.35,85,36,0.525,20600000000000,1050,30,,36.9583838719,100,1.42620621849,942.3163,1.51389015873,276.082048461,423.7743461,0.418602744216,1.99573365628,0.000963964681862
,26000000000000,935,750,0.45,85,36,0.5,20600000000000,1050,30,,37.3196576617,100,1.47860336134,928.7461,1.53185301587,274.774806997,418.549706664,0.464465844683,1.99846455281,0
,26000000000000,935,750,0.45,85,36,0.525,20600000000000,1050,30,,37.1473898687,100,1.42617630252,928.7461,1.53179873016,274.779205871,420.250625065,0.464499253779,1.9984222906,0.000958202440845
,26000000000000,955,650,0.15,85,36,0.5,20600000000000,1050,30,,33.6268411073,100,1.47865210084,1000,1.38555460317,285.453959221,423.623801589,0.397477618981,1.93877912555,0
,26000000000000,955,650,0.15,85,36,0.525,20600000000000,1050,30,,33.4457212165,100,1.42624588235,1000,1.38552222222,285.457967466,425.219549588,0.397501849808,1.93873331784,0.000973723585097
,26000000000000,955,650,0.25,85,36,0.5,20600000000000,1050,30,,35.1107821862,100,1.47863411765,942.3163,1.32476634921,292.80741837,415.352661275,0.509012543379,1.94798411365,0
,26000000000000,955,650,0.25,85,36,0.525,20600000000000,1050,30,,34.9544482445,100,1.42621176471,942.3163,1.32473873016,292.811477924,416.88327347,0.509044374004,1.9479276322,0.000967514868444
,26000000000000,955,650,0.35,85,36,0.5,20600000000000,1050,30,,35.0201431253,100,1.47859378151,889.9498,1.2917784127,296.307163945,408.227395833,0.637524560358,1.96816281328,0
,26000000000000,955,650,0.35,85,36,0.525,20600000000000,1050,30,,34.8786868993,100,1.42618084034,889.9498,1.29175365079,296.311116917,409.698530215,0.637562632413,1.96809033653,0.000960522583429
,26000000000000,955,650,0.45,85,36,0.5,20600000000000,1050,30,,34.7598235939,100,1.47856369748,842.4105,1.29728285714,297.339014183,402.280181499,0.776549633218,1.99090092312,0
,26000000000000,955,650,0.45,85,36,0.525,20600000000000,1050,30,,34.6225715113,100,1.42614151261,842.4105,1.29725333333,297.343087373,403.857849382,0.776597434561,1.99081246951,0.000952871147542
,26000000000000,955,750,0.15,85,36,0.5,20600000000000,1050,30,,34.2204930216,100,1.47397210084,1000,1.49422571429,276.106911115,439.672177573,0.301783977695,1.94627180438,0
,26000000000000,955,750,0.15,85,36,0.525,20600000000000,1050,30,,33.9593435389,100,1.42130151261,1000,1.4941768254,276.11134427,441.185207013,0.301805142756,1.94623997273,0
,26000000000000,955,750,0.25,85,36,0.5,20600000000000,1050,30,,36.3169830185,100,1.47866218487,970.4609,1.49027968254,279.496954852,428.189585398,0.349538396593,1.9629899941,0
,26000000000000,955,750,0.25,85,36,0.525,20600000000000,1050,30,,36.1083979194,100,1.42624436975,970.4609,1.49023206349,279.501122543,429.93564431,0.349562407012,1.96296016919,0.000972800561692
,26000000000000,955,750,0.35,85,36,0.5,20600000000000,1050,30,,36.942333002,100,1.47864537815,942.3163,1.47874,280.351603519,423.480431821,0.401966060826,1.98811928024,0
,26000000000000,955,750,0.35,85,36,0.525,20600000000000,1050,30,,36.7617645548,100,1.42622084034,942.3163,1.47869238095,280.355854537,425.072585394,0.401994642114,1.98808151232,0.000967509022533
,26000000000000,955,750,0.45,85,36,0.5,20600000000000,1050,30,,36.9739584454,100,1.47862201681,928.7461,1.47130349206,280.217033359,419.207964045,0.45784243719,2.01908308547,0
,26000000000000,955,750,0.45,85,36,0.525,20600000000000,1050,30,,36.8009782933,100,1.42619882353,928.7461,1.47125777778,280.221315803,420.888824844,0.457875846286,2.01903731517,0.000962429676074
