SWB_Node,LatestTimestamp,RadPitch_nm,RingWidth_nm,AnnSTI_nm,PatternFF,FinalSiFF,NativeOvPct,N_Radial,G_SCR_Int,G_SCR_Avg,Gain_Ref,GainPct_Ref,G180_Avg,G180_Max,G180_BandAvg,R180_Max_um,Gmax_SCR,Rmax_SCR_um,Ymax_SCR_um,YPeakInt_nm,dYPeak_nm
72,1789257117,200,29.6659561347,170.334043865,0.15,0.138647052431,7.56863171265,58,5.25318027663e+21,6.15548628047e+20,0.870670598906,-12.9329401094,6.13034036604e+20,1.59383896103e+21,6.13293893104e+20,0.319999992847,1.75210174674e+21,0.20000000298,0.350885814092,14.5401614709,-165.662784126
77,1789261814,205,30.9958201137,174.004179886,0.15,0.138305693379,7.79620441406,56,5.2572845205e+21,6.1602954847e+20,0.871350842926,-12.8649157074,6.13538314229e+20,1.59953456911e+21,6.13798968488e+20,0.319999992847,1.73760144316e+21,0.20000000298,0.350885814092,14.5401614709,-165.662784126
81,1789266544,210,31.3742262056,178.625773794,0.15,0.140848168503,6.10122099776,55,5.26198655818e+21,6.16580516207e+20,0.87213016626,-12.786983374,6.14058641653e+20,1.60631401131e+21,6.14320246266e+20,0.319999992847,1.73701932192e+21,0.20000000298,0.350885814092,14.5401614709,-165.662784126
85,1789271228,215,31.7931916359,183.206808364,0.15,0.137996005493,8.0026630044,54,5.2595699978e+21,6.16297352418e+20,0.871729641631,-12.8270358369,6.13757248635e+20,1.60358358602e+21,6.14020689172e+20,0.319999992847,1.73372193577e+21,0.20000000298,0.350885814092,14.5401614709,-165.662784126
89,1789275768,220,33.4347106116,186.565289388,0.15,0.139005346566,7.32976895572,52,5.26413304053e+21,6.1683203323e+20,0.872485927717,-12.7514072283,6.14271590635e+20,1.61458690025e+21,6.14533413649e+20,0.319999992847,1.72951738151e+21,0.34999999404,0.0898414269831,14.5401614709,-165.662784126
93,1789280340,225,33.9816149137,191.018385086,0.15,0.139006398903,7.32906739801,51,5.26335021413e+21,6.16740304469e+20,0.872356180803,-12.7643819197,6.14160063488e+20,1.61092653207e+21,6.14422791264e+20,0.319999992847,1.72272781039e+21,0.34999999404,0.0898414269831,14.5401614709,-165.662784126
97,1789284940,230,34.5777286256,195.422271374,0.15,0.138831497884,7.44566807747,50,5.26638357898e+21,6.17095743169e+20,0.872858935601,-12.7141064399,6.14486650393e+20,1.62012360694e+21,6.14750890516e+20,0.319999992847,1.729900112e+21,0.34999999404,0.0948615113506,14.5401614709,-165.662784126
101,1789289439,235,35.2256562144,199.774343786,0.15,0.135186055658,9.87596289443,49,5.26534825441e+21,6.16974427588e+20,0.872687339232,-12.7312660768,6.14344684178e+20,1.61544987425e+21,6.14608171485e+20,0.319999992847,1.72309417354e+21,0.34999999404,0.0998815957181,14.5401614709,-165.662784126
105,1789293764,240,35.9283507343,204.071649266,0.15,0.138358402018,7.76106532158,48,5.26832733133e+21,6.17323505026e+20,0.873181096261,-12.6818903739,6.14661691124e+20,1.61868393059e+21,6.14924024158e+20,0.319999992847,1.72891840379e+21,0.34999999404,0.0998815957181,14.5401614709,-165.662784126
109,1789298120,245,36.6891473615,208.310852638,0.15,0.138304038394,7.79730773744,47,5.27207235207e+21,6.17762332985e+20,0.873801802057,-12.6198197943,6.15075843214e+20,1.62479719105e+21,6.15338234733e+20,0.330000013113,1.73824384151e+21,0.34999999404,0.0998815957181,14.5401614709,-165.662784126
113,1789302539,250,37.5118028343,212.488197166,0.15,0.13959845431,6.9343637935,46,5.27966285028e+21,6.18651760058e+20,0.875059863512,-12.4940136488,6.15936553422e+20,1.64327891829e+21,6.16200577665e+20,0.330000013113,1.75984457351e+21,0.34999999404,0.0998815957181,14.5401614709,-165.662784126
117,1789306744,255,38.4005416655,216.599458335,0.15,0.135142937544,9.90470830387,45,5.28135201476e+21,6.1884969023e+20,0.875339828366,-12.4660171634,6.16179943098e+20,1.63761542184e+21,6.16442857611e+20,0.330000013113,1.75205252353e+21,0.34999999404,0.0998815957181,14.5401614709,-165.662784126
121,1789310942,260,39.3601101855,220.639889814,0.15,0.138982799287,7.34480047505,44,5.29752434709e+21,6.20744705527e+20,0.878020256894,-12.1979743106,6.18284172675e+20,1.64907827004e+21,6.18548060065e+20,0.330000013113,1.75795439597e+21,0.34999999404,0.0998815957181,14.5401614709,-165.662784126
125,1789315431,265,40.3958396994,224.604160301,0.15,0.137055471458,8.62968569463,43,5.30195962833e+21,6.21264415709e+20,0.878755367583,-12.1244632417,6.18812257565e+20,1.66107741934e+21,6.19072489566e+20,0.330000013113,1.74465658338e+21,0.34999999404,0.109921764453,14.5401614709,-165.662784126
129,1789319979,275,40.8290166928,234.170983307,0.15,0.138605355674,7.59642955077,42,5.29956708111e+21,6.20984065696e+20,0.878358822936,-12.1641177064,6.18487862067e+20,1.67083664746e+21,6.18750480848e+20,0.330000013113,1.75782384703e+21,0.34999999404,0.0998815957181,14.5401614709,-165.662784126
133,1789324569,280,42.0289853592,237.971014641,0.15,0.136479513921,9.01365738617,41,5.30059020685e+21,6.21103951863e+20,0.878528397452,-12.1471602548,6.18642159452e+20,1.6647123304e+21,6.18904228243e+20,0.330000013113,1.74710803965e+21,0.34999999404,0.109921764453,14.5401614709,-165.662784126
137,1789329139,285,43.3242311237,241.675768876,0.15,0.137858679755,8.09421349646,40,5.30645894676e+21,6.21791629539e+20,0.879501091901,-12.0498908099,6.19257288129e+20,1.67054719127e+21,6.19520475314e+20,0.330000013113,1.75039002135e+21,0.34999999404,0.109921764453,14.5401614709,-165.662784126
141,1789333527,290,42.6465472485,247.353452751,0.15,0.137817794365,8.12147042343,40,5.30321635324e+21,6.21411674181e+20,0.878963659205,-12.1036340795,6.18857133916e+20,1.66460709812e+21,6.19118078577e+20,0.330000013113,1.75197122733e+21,0.34999999404,0.109921764453,14.5401614709,-165.662784126
145,1789337867,295,44.0362108003,250.9637892,0.15,0.137634379699,8.24374686713,39,5.30604301669e+21,6.2174289236e+20,0.879432154978,-12.0567845022,6.19232283691e+20,1.66015824798e+21,6.19494606554e+20,0.330000013113,1.7444612767e+21,0.34999999404,0.109921764453,14.5401614709,-165.662784126
149,1789342256,300,45.5379497643,254.462050236,0.15,0.137290275724,8.4731495176,38,5.31115026674e+21,6.22341341413e+20,0.880278638865,-11.9721361135,6.19778566629e+20,1.67882740127e+21,6.20041942411e+20,0.330000013113,1.76353165433e+21,0.34999999404,0.109921764453,14.5401614709,-165.662784126
153,1789347437,305,44.8609591229,260.139040877,0.15,0.137401540202,8.39897319881,38,5.30904099228e+21,6.22094184276e+20,0.879929044303,-12.0070955697,6.19503691554e+20,1.68180685106e+21,6.19771035474e+20,0.330000013113,1.77041977235e+21,0.34999999404,0.109921764453,14.5401614709,-165.662784126
157,1789352344,310,46.4735438792,263.526456121,0.15,0.13714951791,8.56698805994,37,5.31515072665e+21,6.22810100808e+20,0.880941681563,-11.9058318437,6.20273062549e+20,1.67457489581e+21,6.20537389911e+20,0.330000013113,1.75650213075e+21,0.34999999404,0.109921764453,14.5401614709,-165.662784126
161,1789356490,315,48.21976753,266.78023247,0.15,0.136478792875,9.0141380833,36,5.3208967756e+21,6.23483402001e+20,0.881894041014,-11.8105958986,6.20850638423e+20,1.68198913816e+21,6.21115000891e+20,0.340000003576,1.75488635768e+21,0.34999999404,0.11494184882,14.5401614709,-165.662784126
165,1789360925,320,47.5371846379,272.462815362,0.15,0.139110587343,7.25960843804,36,5.31594723629e+21,6.22903432921e+20,0.88107369636,-11.892630364,6.20342482726e+20,1.67294093094e+21,6.20601237409e+20,0.340000003576,1.74857261535e+21,0.34999999404,0.109921764453,14.5401614709,-165.662784126
169,1789365219,325,49.4159768522,275.584023148,0.15,0.138243751652,7.83749889869,35,5.32420168063e+21,6.23870658796e+20,0.88244180132,-11.755819868,6.21225575352e+20,1.67259859721e+21,6.21489160236e+20,0.340000003576,1.74019861171e+21,0.34999999404,0.119961933188,14.5401614709,-165.662784126
173,1789369209,330,48.7376201096,281.26237989,0.15,0.136204767829,9.19682144756,35,5.31777213466e+21,6.23117267899e+20,0.881376157969,-11.8623842031,6.20512975086e+20,1.661590241e+21,6.20776980645e+20,0.340000003576,1.7308346143e+21,0.34999999404,0.119961933188,14.5401614709,-165.662784126
177,1789373142,335,50.7616128404,284.23838716,0.15,0.135923716438,9.38418904133,34,5.32876467523e+21,6.24405333968e+20,0.883198079429,-11.6801920571,6.21785520191e+20,1.67666464119e+21,6.22045218211e+20,0.340000003576,1.73834436722e+21,0.34999999404,0.119961933188,14.5401614709,-165.662784126
181,1789377194,340,50.0853666479,289.914633352,0.15,0.137477311451,8.34845903252,34,5.32727042042e+21,6.24230242604e+20,0.882950419219,-11.7049580781,6.21617837753e+20,1.68634353086e+21,6.21880216704e+20,0.340000003576,1.75035066865e+21,0.34999999404,0.119961933188,14.5401614709,-165.662784126
185,1789382048,345,52.2691578008,292.730842199,0.15,0.144000051467,3.99996568857,33,5.33995163931e+21,6.25716181879e+20,0.885052224956,-11.4947775044,6.23051112793e+20,1.68177901506e+21,6.23314149669e+20,0.340000003576,1.73709939299e+21,0.34999999404,0.119961933188,14.5401614709,-165.662784126
189,1789386012,350,51.592938239,298.407061761,0.15,0.135627911908,9.58139206129,33,5.3287218843e+21,6.24400319882e+20,0.883190987191,-11.6809012809,6.21780910519e+20,1.67815207705e+21,6.22039608388e+20,0.340000003576,1.73386624942e+21,0.34999999404,0.119961933188,14.5401614709,-165.662784126
193,1789389833,355,53.9534096415,301.046590358,0.15,0.13499720269,10.0018648736,32,5.33737610726e+21,6.25414390367e+20,0.884625352108,-11.5374647892,6.22727998797e+20,1.68816344606e+21,6.22991388368e+20,0.340000003576,1.735248775e+21,0.34999999404,0.130002101923,14.5401614709,-165.662784126
197,1789393568,360,53.2751358515,306.724864149,0.15,0.139770076559,6.81994896092,32,5.33666942916e+21,6.25331584388e+20,0.884508226135,-11.5491773865,6.22683111705e+20,1.68742629306e+21,6.22945101729e+20,0.340000003576,1.7362198714e+21,0.34999999404,0.130002101923,14.5401614709,-165.662784126
201,1789397412,365,55.831843456,309.168156544,0.15,0.138707709967,7.5281933553,31,5.35113219108e+21,6.27026278419e+20,0.886905307697,-11.3094692303,6.24283855056e+20,1.70177901975e+21,6.24546682994e+20,0.340000003576,1.74460569904e+21,0.34999999404,0.130002101923,14.5401614709,-165.662784126
205,1789401465,370,55.1494092214,314.850590779,0.15,0.135196871614,9.86875225737,31,5.34470191198e+21,6.26272801616e+20,0.885839542835,-11.4160457165,6.23582752117e+20,1.69149979994e+21,6.23844263497e+20,0.340000003576,1.73759494406e+21,0.34999999404,0.130002101923,14.5401614709,-165.662784126
209,1789405866,375,56.3479746075,318.652025392,0.15,0.141351432539,5.7657116405,31,5.35835538153e+21,6.278726657e+20,0.88810249097,-11.189750903,6.25118300442e+20,1.70761736063e+21,6.25378896905e+20,0.340000003576,1.75451982904e+21,0.34999999404,0.130002101923,14.5401614709,-165.662784126
213,1789409956,380,57.236307505,322.763692495,0.15,0.13474509775,10.1699348334,30,5.35718124122e+21,6.27735084193e+20,0.887907887054,-11.2092112946,6.24968569564e+20,1.72177330152e+21,6.25232120711e+20,0.340000003576,1.76815836079e+21,0.34999999404,0.130002101923,14.5401614709,-165.662784126
217,1789414512,385,56.5636672143,328.436332786,0.15,0.13592634605,9.38243596667,30,5.35577596756e+21,6.27570419318e+20,0.887674974724,-11.2325025276,6.24817623616e+20,1.73345852998e+21,6.25081302478e+20,0.340000003576,1.78316697844e+21,0.34999999404,0.130002101923,14.5401614709,-165.662784126
221,1789418653,390,59.5600404178,330.439959582,0.15,0.148581198186,0.945867875789,29,5.39284694568e+21,6.31914262194e+20,0.89381917862,-10.618082138,6.29028493369e+20,1.74813534258e+21,6.29291580752e+20,0.340000003576,1.78948017393e+21,0.34999999404,0.130002101923,14.5401614709,-165.662784126
225,1789422322,395,58.8785990106,336.121400989,0.15,0.138519979118,7.6533472545,29,5.37271256974e+21,6.29554988986e+20,0.890482074574,-10.9517925426,6.26754270454e+20,1.74482729396e+21,6.27016999437e+20,0.340000003576,1.78777742717e+21,0.34999999404,0.130002101923,14.5401614709,-165.662784126
229,1789426103,400,58.7691739323,341.230826068,0.15,0.135552912821,9.63139145241,29,5.36559408824e+21,6.28720871119e+20,0.889302245932,-11.0697754068,6.25888192599e+20,1.74321457677e+21,6.26152312063e+20,0.340000003576,1.78564850257e+21,0.34999999404,0.130002101923,14.5401614709,-165.662784126
233,1789430174,405,61.4566315301,343.54336847,0.15,0.133667078514,10.8886143237,28,5.37973790627e+21,6.30378192461e+20,0.891646465217,-10.8353534783,6.27501842093e+20,1.75008458861e+21,6.27766706364e+20,0.340000003576,1.78614631164e+21,0.360000014305,0.119961933188,14.5401614709,-165.662784126
237,1789433939,410,60.7792761041,349.220723896,0.15,0.141528919587,5.64738694209,28,5.38418707909e+21,6.3089953041e+20,0.892383878321,-10.7616121679,6.28045659542e+20,1.74528046256e+21,6.28310636175e+20,0.340000003576,1.78132855015e+21,0.34999999404,0.140042270658,14.5401614709,-165.662784126
241,1789437660,415,62.2310595759,352.768940424,0.15,0.13536645335,9.75569776643,28,5.38325607752e+21,6.30790439019e+20,0.892229572614,-10.7770427386,6.27908520251e+20,1.75119758789e+21,6.28171574458e+20,0.34999999404,1.7842692541e+21,0.360000014305,0.130002101923,14.5401614709,-165.662784126
245,1789441793,420,63.6403944802,356.35960552,0.15,0.138427261268,7.71515915459,27,5.39861670616e+21,6.32590341819e+20,0.894775468059,-10.5224531941,6.29602570527e+20,1.74335980569e+21,6.29867631291e+20,0.34999999404,1.77052177181e+21,0.360000014305,0.130002101923,14.5401614709,-165.662784126
249,1789445689,425,62.9639875479,362.036012452,0.15,0.136968359247,8.68776050226,27,5.38562327173e+21,6.31067818259e+20,0.892621915213,-10.7378084787,6.28162214173e+20,1.72695428615e+21,6.28422712713e+20,0.34999999404,1.7550692974e+21,0.360000014305,0.130002101923,14.5401614709,-165.662784126
253,1789450092,430,63.9277433288,366.072256671,0.15,0.141094646084,5.93690261086,27,5.39843101681e+21,6.32568583414e+20,0.894744691605,-10.5255308395,6.2957120571e+20,1.72324671623e+21,6.29836549533e+20,0.34999999404,1.74846188108e+21,0.360000014305,0.130002101923,14.5401614709,-165.662784126
257,1789453991,435,66.1429048726,368.857095127,0.15,0.132426650466,11.7155663563,26,5.40264292954e+21,6.33062120084e+20,0.895442780837,-10.4557219163,6.3001765577e+20,1.73404157735e+21,6.30283194395e+20,0.34999999404,1.75432709008e+21,0.360000014305,0.130002101923,14.5401614709,-165.662784126
261,1789458209,440,65.4643344694,374.535665531,0.15,0.132431844071,11.7121039528,26,5.39653895651e+21,6.32346878644e+20,0.894431098469,-10.5568901531,6.29335807957e+20,1.73242672982e+21,6.29600623565e+20,0.34999999404,1.75531703018e+21,0.360000014305,0.130002101923,14.5401614709,-165.662784126
265,1789462191,445,64.7994760253,380.200523975,0.15,0.132869697338,11.4202017748,26,5.39439686984e+21,6.32095876691e+20,0.894076065559,-10.5923934441,6.29073127706e+20,1.73237781614e+21,6.29340400945e+20,0.34999999404,1.75825576406e+21,0.360000014305,0.130002101923,14.5401614709,-165.662784126
269,1789465928,450,69.0028920064,380.997107994,0.15,0.147940640019,1.37290665373,25,5.44523966205e+21,6.38053450835e+20,0.902502832206,-9.74971677938,6.34815010105e+20,1.73961780827e+21,6.3508001167e+20,0.34999999404,1.7558395006e+21,0.360000014305,0.140042270658,14.5401614709,-165.662784126
273,1789469662,455,68.3190082958,386.680991704,0.15,0.14427455866,3.81696089326,25,5.43836104158e+21,6.37247439016e+20,0.901362758519,-9.86372414807,6.3402510515e+20,1.74718259819e+21,6.34292138111e+20,0.34999999404,1.76506287225e+21,0.360000014305,0.140042270658,14.5401614709,-165.662784126
277,1789473401,460,67.6484761162,392.351523884,0.15,0.1374547501,8.36349993326,25,5.42129298914e+21,6.35247466483e+20,0.898533871892,-10.1466128108,6.3209292044e+20,1.74076229562e+21,6.32357902445e+20,0.34999999404,1.75989964879e+21,0.360000014305,0.140042270658,14.5401614709,-165.662784126
281,1789477510,465,70.3024119796,394.69758802,0.15,0.134252966238,10.4980225081,25,5.43873190412e+21,6.37290895344e+20,0.901424225877,-9.85757741234,6.34055650393e+20,1.73743286854e+21,6.34322181877e+20,0.34999999404,1.75188147039e+21,0.360000014305,0.140042270658,14.5401614709,-165.662784126
285,1789481019,470,71.5752810295,398.42471897,0.15,0.137224865141,8.51675657283,24,5.4506102841e+21,6.38682760864e+20,0.903392967793,-9.66070322068,6.35362042088e+20,1.73518302906e+21,6.35628656298e+20,0.34999999404,1.74750755447e+21,0.360000014305,0.145062355025,14.5401614709,-165.662784126
289,1789484595,475,70.8959016899,404.10409831,0.15,0.142147739924,5.23484005095,24,5.44960760979e+21,6.38565271123e+20,0.903226782932,-9.67732170679,6.35256672238e+20,1.73197488248e+21,6.35524822034e+20,0.34999999404,1.74645986016e+21,0.360000014305,0.140042270658,14.5401614709,-165.662784126
293,1789488097,480,70.2292278569,409.770772143,0.15,0.136783072994,8.81128467037,24,5.43253665748e+21,6.36564958794e+20,0.900397415675,-9.96025843252,6.33333228234e+20,1.73382853243e+21,6.33600327231e+20,0.34999999404,1.75211010527e+21,0.360000014305,0.140042270658,14.5401614709,-165.662784126
297,1789491836,485,74.4717126894,410.528287311,0.15,0.133982521375,10.6783190833,24,5.46485277629e+21,6.40351644487e+20,0.905753541495,-9.42464585049,6.37001887114e+20,1.73053015817e+21,6.37268351856e+20,0.34999999404,1.74361836581e+21,0.360000014305,0.150082439393,14.5401614709,-165.662784126
301,1789495636,490,74.5993781551,415.400621845,0.15,0.136417904409,9.05473039371,23,5.47562561128e+21,6.41613966252e+20,0.907539048597,-9.24609514025,6.38155767666e+20,1.71727660201e+21,6.38423705055e+20,0.34999999404,1.72987737241e+21,0.360000014305,0.150082439393,14.5401614709,-165.662784126
305,1789499158,495,73.9203173158,421.079682684,0.15,0.13756768621,8.2882091933,23,5.47053888345e+21,6.41017921918e+20,0.906695966096,-9.33040339045,6.37628926908e+20,1.70701987815e+21,6.37896678652e+20,0.34999999404,1.71982794119e+21,0.360000014305,0.150082439393,14.5401614709,-165.662784126
309,1789502674,500,73.2534372171,426.746562783,0.15,0.143970256846,4.01982876917,23,5.47035869302e+21,6.40996807856e+20,0.906666101042,-9.33338989576,6.37598693221e+20,1.69596300238e+21,6.37870586894e+20,0.34999999404,1.70961241733e+21,0.360000014305,0.150082439393,14.5401614709,-165.662784126
313,1789506370,505,75.8309030562,429.169096944,0.15,0.139433580321,7.04427978629,23,5.48833965978e+21,6.43103752381e+20,0.909646295567,-9.03537044326,6.39703197518e+20,1.6823420551e+21,6.39971530561e+20,0.34999999404,1.6937014385e+21,0.360000014305,0.150082439393,14.5401614709,-165.662784126
317,1789510271,510,78.1345629993,431.865437001,0.15,0.129899394013,13.4004039912,22,5.49554159234e+21,6.4394764874e+20,0.910839955523,-8.91600444768,6.40552453025e+20,1.68590575373e+21,6.40815000917e+20,0.360000014305,1.6944895441e+21,0.360000014305,0.160122608128,14.5401614709,-165.662784126
321,1789513695,515,77.4516546484,437.548345352,0.15,0.129283754867,13.8108300888,22,5.49722034133e+21,6.44144358462e+20,0.911118194096,-8.88818059039,6.40946216347e+20,1.68783484323e+21,6.41210074831e+20,0.360000014305,1.69836152452e+21,0.360000014305,0.150082439393,14.5401614709,-165.662784126
325,1789517570,520,76.7805087372,443.219491263,0.15,0.129288906751,13.8073954994,22,5.49651474647e+21,6.44061679414e+20,0.911001247663,-8.89987523373,6.41097763914e+20,1.69777880629e+21,6.41359543165e+20,0.34999999404,1.70447422001e+21,0.360000014305,0.160122608128,14.5401614709,-165.662784126
329,1789520989,525,76.1208257685,448.879174232,0.15,0.132745160116,11.5032265893,22,5.49576141308e+21,6.43973406537e+20,0.910876388967,-8.9123611033,6.40954193265e+20,1.70756217797e+21,6.41213022456e+20,0.34999999404,1.70900615655e+21,0.34999999404,0.170162776863,14.5401614709,-165.662784126
333,1789524412,530,82.255899333,447.744100667,0.15,0.143768147602,4.15456826518,21,5.59596462199e+21,6.55714855435e+20,0.927484230945,-7.25157690553,6.52784169478e+20,1.69607193294e+21,6.53038897357e+20,0.34999999404,1.69741695641e+21,0.34999999404,0.190243114333,14.5401614709,-165.662784126
337,1789528147,535,81.5648845902,453.43511541,0.15,0.146575621443,2.28291903822,21,5.5935678709e+21,6.55434012827e+20,0.927086989541,-7.29130104591,6.52438883276e+20,1.69720880162e+21,6.52697715255e+20,0.34999999404,1.69887370923e+21,0.360000014305,0.170162776863,14.5401614709,-165.662784126
341,1789531992,540,80.8853093687,459.114690631,0.15,0.141957001921,5.36199871935,21,5.56747387375e+21,6.52376412803e+20,0.922762128233,-7.72378717672,6.4927547556e+20,1.71003752795e+21,6.49536328173e+20,0.34999999404,1.71208615367e+21,0.360000014305,0.170162776863,14.5401614709,-165.662784126
345,1789535860,545,80.2168937249,464.783106275,0.15,0.138718231376,7.5211790827,21,5.5706006485e+21,6.52742796937e+20,0.923280364939,-7.67196350611,6.49775999309e+20,1.7180811909e+21,6.50036151314e+20,0.34999999404,1.72081630101e+21,0.360000014305,0.165142692495,14.5401614709,-165.662784126
349,1789540032,550,79.5593667182,470.440633282,0.15,0.136286640207,9.14223986176,21,5.54353914156e+21,6.49571827621e+20,0.918795146992,-8.12048530075,6.46537983611e+20,1.71102582878e+21,6.46794033862e+20,0.34999999404,1.71494280744e+21,0.360000014305,0.160122608128,14.5401614709,-165.662784126
353,1789544148,555,86.3545115728,468.645488427,0.15,0.130507374198,12.9950838679,20,5.61660614192e+21,6.58133553938e+20,0.930905389857,-6.90946101431,6.54963445324e+20,1.69995204253e+21,6.55224087495e+20,0.360000014305,1.69995204253e+21,0.360000014305,0.180202945598,14.5401614709,-165.662784126
357,1789548505,560,85.6621254569,474.337874543,0.15,0.139605217126,6.92985524916,20,5.61770313768e+21,6.58262095927e+20,0.931087207709,-6.89127922905,6.55145103695e+20,1.69683635546e+21,6.55403240099e+20,0.360000014305,1.69683635546e+21,0.360000014305,0.180202945598,14.5401614709,-165.662784126
361,1789552265,565,84.980679593,480.019320407,0.15,0.141532705382,5.64486307836,20,5.61657387086e+21,6.58129772532e+20,0.930900041199,-6.90999588011,6.54915807547e+20,1.69940017336e+21,6.55176130781e+20,0.360000014305,1.69940017336e+21,0.360000014305,0.180202945598,14.5401614709,-165.662784126
365,1789556392,570,84.3099184408,485.690081559,0.15,0.141537864024,5.6414239839,20,5.60918559934e+21,6.5726404165e+20,0.929675497124,-7.03245028764,6.54116271867e+20,1.7011359621e+21,6.54376513207e+20,0.360000014305,1.7011359621e+21,0.360000014305,0.180202945598,14.5401614709,-165.662784126
369,1789560236,575,83.649594304,491.350405696,0.15,0.13735566241,8.42955839333,20,5.58164646218e+21,6.54037105355e+20,0.925111115971,-7.48888840294,6.50967836561e+20,1.70599699628e+21,6.51227047797e+20,0.360000014305,1.70613562264e+21,0.360000014305,0.170162776863,14.5401614709,-165.662784126
373,1789563896,580,86.2798707836,493.720129216,0.15,0.13354921451,10.9671903265,20,5.60025313569e+21,6.5621736793e+20,0.928195016145,-7.18049838549,6.5300589298e+20,1.70649343523e+21,6.5326570698e+20,0.360000014305,1.70649343523e+21,0.360000014305,0.180202945598,14.5401614709,-165.662784126
377,1789567494,585,90.5309373219,494.469062678,0.15,0.136917521984,8.72165201081,19,5.68217462158e+21,6.65816630775e+20,0.941772815769,-5.8227184231,6.62496846393e+20,1.68897368657e+21,6.62749519569e+20,0.360000014305,1.69205646778e+21,0.360000014305,0.200283283068,14.5401614709,-165.662784126
381,1789571726,590,89.8423719098,500.15762809,0.15,0.13614188498,9.23874334649,19,5.65348927798e+21,6.62455386163e+20,0.937018460507,-6.29815394934,6.59171469883e+20,1.67929567998e+21,6.59428883237e+20,0.360000014305,1.68146353825e+21,0.360000014305,0.190243114333,14.5401614709,-165.662784126
385,1789575156,595,89.1641280348,505.835871965,0.15,0.140393919872,6.40405341834,19,5.63937476573e+21,6.60801498767e+20,0.934679098408,-6.53209015916,6.57461383042e+20,1.67023723941e+21,6.57719599212e+20,0.360000014305,1.67173664252e+21,0.360000014305,0.190243114333,14.5401614709,-165.662784126
389,1789578882,600,88.4959769649,511.504023035,0.15,0.146006361444,2.6624257039,19,5.65470955879e+21,6.62598374246e+20,0.937220711822,-6.27792881784,6.59286567751e+20,1.66805847213e+21,6.5954398262e+20,0.360000014305,1.66904105861e+21,0.360000014305,0.190243114333,14.5401614709,-165.662784126
393,1789582408,605,87.8376966297,517.16230337,0.15,0.145217592062,3.18827195868,19,5.64601236123e+21,6.61579268153e+20,0.935779224226,-6.42207757744,6.58335422074e+20,1.66623193425e+21,6.58588271154e+20,0.360000014305,1.66664136761e+21,0.360000014305,0.190243114333,14.5401614709,-165.662784126
397,1789586013,610,90.0408902217,519.959109778,0.15,0.142386061241,5.07595917284,19,5.64359473492e+21,6.61295979464e+20,0.93537852293,-6.46214770697,6.57944734047e+20,1.65304624263e+21,6.58200084646e+20,0.360000014305,1.65519022114e+21,0.360000014305,0.190243114333,14.5401614709,-165.662784126
401,1789589621,615,95.6059147695,519.39408523,0.15,0.134030324373,10.6464504178,18,5.69393970352e+21,6.67195220441e+20,0.943722779485,-5.62772205148,6.63740227756e+20,1.63478019844e+21,6.63993936066e+20,0.370000004768,1.68126389771e+21,1.87560594082,0.00952007710343,14.5401614709,-165.662784126
405,1789592992,620,94.9148165806,525.085183419,0.15,0.124759889494,16.8267403372,18,5.66823109138e+21,6.64182778435e+20,0.939461792512,-6.05382074884,6.60813904487e+20,1.63564521209e+21,6.6106933926e+20,0.360000014305,1.66252962356e+21,1.88491487503,0.00952007710343,14.5401614709,-165.662784126
409,1789596516,625,94.2335634976,530.766436502,0.15,0.1247651451,16.8232366002,18,5.65365209633e+21,6.62474464627e+20,0.937045446283,-6.29545537169,6.59042704734e+20,1.63626949701e+21,6.59299406396e+20,0.360000014305,1.64622782641e+21,1.8942335844,0.00952007710343,14.5401614709,-165.662784126
413,1789600580,630,93.5619481941,536.438051806,0.15,0.124770320916,16.819786056,18,5.64465248885e+21,6.61419923236e+20,0.935553836777,-6.44461632228,6.57947078509e+20,1.63567067202e+21,6.58205195787e+20,0.360000014305,1.64333201962e+21,0.360000014305,0.205303367435,14.5401614709,-165.662784126
417,1789604289,635,92.8997690813,542.100230919,0.15,0.12578898774,16.1406748398,18,5.63709416167e+21,6.60534265847e+20,0.934301107401,-6.56988925988,6.57190170985e+20,1.63436248744e+21,6.57444953682e+20,0.360000014305,1.64122317846e+21,0.360000014305,0.200283283068,14.5401614709,-165.662784126
421,1789607789,640,92.2468301124,547.753169888,0.15,0.134921203775,10.0525308168,18,5.6489026618e+21,6.619179431e+20,0.936258267319,-6.37417326809,6.58539726124e+20,1.63350082391e+21,6.58792001623e+20,0.360000014305,1.65299733551e+21,12.1622467041,0.00952007710343,14.5401614709,-165.662784126
425,1789611194,645,97.3234409049,547.676559095,0.15,0.140340712156,6.43952522932,18,5.72693878526e+21,6.71061933255e+20,0.949192100687,-5.08078993135,6.67380354715e+20,1.62238856076e+21,6.67633351389e+20,0.370000004768,1.76519337676e+21,4.42000007629,0.00952007710343,14.5401614709,-165.662784126
429,1789614900,650,101.037362257,548.962637743,0.15,0.143962844865,4.02477008968,17,5.83786969959e+21,6.840604158e+20,0.967577969919,-3.24220300806,6.80080517693e+20,1.61245159074e+21,6.80330246179e+20,0.370000004768,1.90580063498e+21,4.44999980927,0.00952007710343,14.5401614709,-165.662784126
433,1789618657,655,100.346793706,554.653206294,0.15,0.144047003948,3.9686640348,17,5.82191904732e+21,6.82191376169e+20,0.964934283003,-3.50657169974,6.78276196102e+20,1.61416924571e+21,6.78526158782e+20,0.370000004768,1.89421037015e+21,11.1303472519,0.00952007710343,14.5401614709,-165.662784126
437,1789622794,660,99.6655262082,560.334473792,0.15,0.144199944622,3.86670358519,17,5.79564652507e+21,6.7911285722e+20,0.960579832655,-3.94201673449,6.75196625452e+20,1.62068068122e+21,6.75449666332e+20,0.370000004768,1.89219754372e+21,11.2096652985,0.00952007710343,14.5401614709,-165.662784126
441,1789626476,665,98.9933745899,566.00662541,0.15,0.137121179184,8.58588054384,17,5.75227634392e+21,6.7403089656e+20,0.953391588657,-4.66084113433,6.7015835772e+20,1.63582726357e+21,6.70413290907e+20,0.370000004768,1.85396802069e+21,11.2889938354,0.00952007710343,14.5401614709,-165.662784126
445,1789630112,670,98.3301585208,571.669841479,0.15,0.134346926831,10.4353821128,17,5.74424257105e+21,6.73089528169e+20,0.952060058143,-4.79399418573,6.69247279226e+20,1.64731389999e+21,6.69501857669e+20,0.370000004768,1.81241294157e+21,11.3683300018,0.00952007710343,14.5401614709,-165.662784126
449,1789633898,675,97.6757023593,577.324297641,0.15,0.135298713175,9.80085788362,17,5.74419509322e+21,6.73083964888e+20,0.95205218909,-4.79478109103,6.69285814074e+20,1.65913515382e+21,6.69541360269e+20,0.370000004768,1.79089198009e+21,12.1226758957,0.00952007710343,14.5401614709,-165.662784126
453,1789638371,680,97.8588189938,582.141181006,0.15,0.136150366277,9.23308914879,17,5.76420581894e+21,6.75428749212e+20,0.955368799149,-4.46312008507,6.71495028611e+20,1.66686936506e+21,6.71748751269e+20,0.370000004768,1.79261283892e+21,8.1278591156,0.00952007710343,14.5401614709,-165.662784126
457,1789642779,685,107.128807513,577.871192487,0.15,0.136887318017,8.74178798844,17,5.90933767501e+21,6.9243477417e+20,0.979423187803,-2.05768121967,6.88027087833e+20,1.74126966997e+21,6.88271680298e+20,8.13369464874,2.19384187267e+21,8.19212913513,0.00952007710343,14.5401614709,-165.662784126
461,1789646756,690,107.015865286,582.984134714,0.15,0.141967348313,5.35510112486,16,5.94056773554e+21,6.96094199489e+20,0.984599308567,-1.54006914329,6.91518338795e+20,1.74231474691e+21,6.91762491833e+20,10.9486436844,2.18546922573e+21,8.24701595306,0.00952007710343,14.5401614709,-165.662784126
465,1789650755,695,106.327291898,588.672708102,0.15,0.140234115964,6.51058935735,16,5.93233804482e+21,6.95129874153e+20,0.98323530631,-1.67646936897,6.90589735512e+20,1.7479856282e+21,6.90836095556e+20,11.0233306885,2.18788502084e+21,11.0813274384,0.00952007710343,14.5401614709,-165.662784126
469,1789654750,700,105.647448506,594.352551494,0.15,0.14031810149,6.45459900698,16,5.9159636874e+21,6.93211186289e+20,0.980521393817,-1.94786061829,6.88678505332e+20,1.72866918271e+21,6.88925694303e+20,11.0980215073,2.1935861488e+21,11.1556472778,0.00952007710343,14.5401614709,-165.662784126
473,1789658475,705,104.97617152,600.02382848,0.15,0.14040242363,6.3983842464,16,5.90374924939e+21,6.91779942707e+20,0.978496953099,-2.1503046901,6.87187155003e+20,1.7258767461e+21,6.87436359824e+20,11.1727161407,2.16637765176e+21,11.2299757004,0.00952007710343,14.5401614709,-165.662784126
477,1789662044,710,104.313301377,605.686698623,0.15,0.140487082387,6.3419450756,16,5.89530296559e+21,6.9079023778e+20,0.977097052355,-2.29029476446,6.86204034771e+20,1.71758438639e+21,6.86456643538e+20,11.2474155426,2.11922922661e+21,11.1999998093,0.00952007710343,14.5401614709,-165.662784126
481,1789665389,715,103.658682421,611.341317579,0.15,0.139496068916,7.00262072293,16,5.8739171651e+21,6.88284327176e+20,0.973552535178,-2.64474648221,6.83833132859e+20,1.71382710636e+21,6.84087115936e+20,0.370000004768,2.07907772766e+21,11.2749996185,0.00952007710343,14.5401614709,-165.662784126
485,1789669071,720,103.012162783,616.987837217,0.15,0.133300849566,11.1327669562,16,5.83836826924e+21,6.84118836384e+20,0.96766060366,-3.23393963403,6.7980546301e+20,1.73282336094e+21,6.80061629312e+20,0.370000004768,2.08091975879e+21,11.3500003815,0.00952007710343,14.5401614709,-165.662784126
489,1789672691,725,108.941713205,616.058286795,0.15,0.131626424363,12.2490504246,16,5.93724709472e+21,6.95705098831e+20,0.984048940184,-1.59510598156,6.90970966938e+20,1.82695440664e+21,6.91221723576e+20,4.22451877594,2.29686690623e+21,10.6999998093,0.00952007710343,14.5401614709,-165.662784126
493,1789675823,730,114.475878485,615.524121515,0.15,0.134353139213,10.4312405247,15,6.11688377449e+21,7.16754273989e+20,1.01382221415,1.38222141491,7.11259559424e+20,1.99770890909e+21,7.11500730323e+20,10.8272380829,2.54754577344e+21,10.884475708,0.00952007710343,9.52007710343,-170.682868494
497,1789679028,735,113.78086412,621.21913588,0.15,0.13529681408,9.80212394696,15,6.13043301011e+21,7.18341924319e+20,1.01606788638,1.60678863836,7.12774590834e+20,1.98851920376e+21,7.13018447218e+20,10.8968906403,2.54602099823e+21,10.8400001526,0.00952007710343,9.52007710343,-170.682868494
501,1789682619,740,113.094161728,626.905838272,0.15,0.137702600353,8.19826643104,15,6.12691636889e+21,7.17929857045e+20,1.01548503258,1.54850325784,7.12465421869e+20,1.98080706637e+21,7.12708347412e+20,10.9665470123,2.5267635982e+21,11.0230941772,0.00952007710343,9.52007710343,-170.682868494
505,1789686290,745,112.41562443,632.58437557,0.15,0.145432129934,3.04524671099,15,6.13970414335e+21,7.19428282115e+20,1.01760449901,1.76044990079,7.13885778276e+20,1.93847696278e+21,7.14130126366e+20,11.0362081528,2.51281348211e+21,11.0924158096,0.00952007710343,9.52007710343,-170.682868494
509,1789689578,750,111.745108759,638.254891241,0.15,0.15,0,15,6.18909389365e+21,7.25215594074e+20,1.02579043614,2.57904361378,7.19397560491e+20,1.93855435677e+21,7.196446534e+20,11.1058721542,2.52769291392e+21,11.1617450714,0.00952007710343,9.52007710343,-170.682868494
513,1789693061,755,111.082474555,643.917525445,0.15,0.15,0,15,6.17958894325e+21,7.24101838429e+20,1.02421507028,2.42150702777,7.18333035401e+20,1.93715323182e+21,7.18583766664e+20,11.1755409241,2.51078921108e+21,11.2310829163,0.00952007710343,9.52007710343,-170.682868494
517,1789696714,760,110.42758488,649.57241512,0.15,0.15,0,15,6.16994464033e+21,7.22971753963e+20,1.02261660791,2.26166079073,7.17350303335e+20,1.92277647575e+21,7.17603381542e+20,11.2452135086,2.47913671882e+21,2.06999993324,0.00952007710343,9.52007710343,-170.682868494
521,1789700302,765,109.780305919,655.219694081,0.15,0.15,0,15,6.16369648484e+21,7.22239617745e+20,1.02158102851,2.15810285069,7.16800980126e+20,1.87250395416e+21,7.17054387695e+20,11.3099002838,2.48002705399e+21,2.07999992371,0.00952007710343,9.52007710343,-170.682868494
525,1789704120,770,110.369823407,659.630176593,0.15,0.15,0,15,6.19050838049e+21,7.25381338515e+20,1.02602487547,2.6024875474,7.2008203942e+20,1.88435902316e+21,7.20334772872e+20,2.14518499374,2.51606716879e+21,2.08999991417,0.00952007710343,9.52007710343,-170.682868494
529,1789707998,775,119.700566886,655.299433114,0.15,0.149208237076,0.527841949259,15,6.39128558634e+21,7.48907683909e+20,1.05930201444,5.93020144371,7.43459326486e+20,2.12141879145e+21,7.43694133954e+20,6.80985021591,2.8636710527e+21,2.09999990463,0.00952007710343,9.52007710343,-170.682868494
533,1789711803,780,122.330307477,657.669692523,0.15,0.142433055626,5.04462958288,14,6.32790819204e+21,7.41481350516e+20,1.04879774256,4.879774256,7.36508995792e+20,2.16170225053e+21,7.36742387402e+20,10.7464599609,2.91208385209e+21,2.1099998951,0.00952007710343,9.52007710343,-170.682868494
537,1789716757,785,121.63603596,663.36396404,0.15,0.132225700581,11.8495329462,14,6.23036745873e+21,7.30051880859e+20,1.0326311836,3.26311835952,7.25489270001e+20,2.1084069428e+21,7.2572365985e+20,1.40985298157,2.87482528764e+21,10.8766365051,0.00952007710343,9.52007710343,-170.682868494
541,1789722962,790,120.949524065,669.050475935,0.15,0.123822772027,17.4514853152,14,6.20214862486e+21,7.26745300168e+20,1.02795414841,2.79541484109,7.22530855962e+20,2.07172685674e+21,7.22764033856e+20,1.41443049908,2.84796229657e+21,10.94094944,0.00952007710343,9.52007710343,-170.682868494
545,1789728011,795,120.270643685,674.729356315,0.15,0.121591517294,18.9389884709,14,6.17914575853e+21,7.2404990765e+20,1.02414161613,2.41416161255,7.20088181901e+20,2.06568232237e+21,7.2031951492e+20,10.9405097961,2.83396256336e+21,11.0052709579,0.00952007710343,9.52007710343,-170.682868494
549,1789732294,800,119.599269491,680.400730509,0.15,0.120997222924,19.3351847177,14,6.14999986683e+21,7.20634697681e+20,1.01931092888,1.93109288758,7.1659619083e+20,2.05622527663e+21,7.16829190945e+20,11.0097999573,2.84301721269e+21,11.0695991516,0.00952007710343,9.52007710343,-170.682868494
553,1789736249,805,118.935278856,686.064721144,0.15,0.120399899015,19.7334006564,14,6.12964158844e+21,7.18249188395e+20,1.01593671488,1.59367148751,7.13962607261e+20,2.03335843358e+21,7.1420154599e+20,11.074467659,2.84606695342e+21,11.1339349747,0.00952007710343,14.5401614709,-165.662784126
557,1789739625,810,118.278551784,691.721448216,0.15,0.126852108158,15.4319278945,14,6.12910543802e+21,7.18186364232e+20,1.01584785244,1.5847852437,7.1386209641e+20,2.01770552119e+21,7.14103201715e+20,11.1391391754,2.84477215291e+21,11.1982784271,0.00952007710343,9.52007710343,-170.682868494
561,1789743464,815,117.628970841,697.371029159,0.15,0.133881450071,10.7456999528,14,6.19294603148e+21,7.25666973625e+20,1.02642889569,2.64288956946,7.2149238347e+20,2.02852616014e+21,7.21730925369e+20,11.2038145065,2.84723282103e+21,11.2626285553,0.00952007710343,9.52007710343,-170.682868494
565,1789747195,820,116.986421088,703.013578912,0.15,0.135768953445,9.48736437001,14,6.20276622211e+21,7.26817667975e+20,1.02805650998,2.80565099782,7.22701756101e+20,2.00185852372e+21,7.22937282051e+20,11.2684936523,2.80895827547e+21,11.3269863129,0.00952007710343,9.52007710343,-170.682868494
569,1789751149,825,118.715303379,706.284696621,0.15,0.138644645906,7.5702360625,14,6.22531633858e+21,7.29460008905e+20,1.03179400277,3.17940027693,7.25063390471e+20,2.01680199251e+21,7.25303660014e+20,10.5093574524,2.82941817131e+21,10.5687150955,0.00952007710343,9.52007710343,-170.682868494
573,1789755103,830,128.078032243,701.921967757,0.15,0.141210849662,5.8594335589,14,6.41599766797e+21,7.51803356082e+20,1.06339783483,6.33978348328,7.46983283407e+20,2.15781603984e+21,7.47212285378e+20,4.75911283493,3.02335439985e+21,8.02000045776,0.00952007710343,9.52007710343,-170.682868494
577,1789758785,835,131.671749451,703.328250549,0.15,0.144036342077,3.97577194871,13,6.56726241942e+21,7.69528011495e+20,1.08846869949,8.84686994902,7.64600727318e+20,2.20836521526e+21,7.64816991002e+20,7.29583597183,3.1757254996e+21,6.40000009537,0.00952007710343,9.52007710343,-170.682868494
581,1789762212,840,130.974940047,709.025059953,0.15,0.144470483435,3.68634437683,13,6.55842673179e+21,7.68492677637e+20,1.08700425833,8.70042583251,7.63504972435e+20,2.21137016395e+21,7.6372254055e+20,7.33548736572,3.08029288675e+21,9.08097457886,0.00952007710343,9.52007710343,-170.682868494
585,1789765895,845,130.285389456,714.714610544,0.15,0.144473886152,3.68407589846,13,6.5411780781e+21,7.66471542905e+20,1.08414543855,8.41454385545,7.61307681908e+20,2.22220338808e+21,7.61529157599e+20,7.37514257431,3.08527613454e+21,6.46500015259,0.00952007710343,9.52007710343,-170.682868494
589,1789769182,850,129.602986033,720.397013967,0.15,0.144477250207,3.68183319539,13,6.52615131209e+21,7.64710760918e+20,1.08165487804,8.16548780414,7.59491184886e+20,2.22997698032e+21,7.5971516944e+20,7.40981674194,3.09621933699e+21,6.5,0.00952007710343,9.52007710343,-170.682868494
593,1789773014,855,128.927620384,726.072379616,0.15,0.143992618507,4.00492099558,13,6.50149787281e+21,7.61821960244e+20,1.07756877712,7.75687771248,7.56748569135e+20,2.25323465743e+21,7.56974425657e+20,8.30450534821,3.10815883203e+21,9.22500038147,0.00952007710343,9.52007710343,-170.682868494
597,1789776829,860,128.259185315,731.740814685,0.15,0.137849388683,8.10040754499,13,6.39277114238e+21,7.49081755983e+20,1.0595482329,5.95482329,7.44285015878e+20,2.23343530329e+21,7.44512335354e+20,7.49906253815,3.097648415e+21,8.28999996185,0.00952007710343,9.52007710343,-170.682868494
601,1789779970,865,127.597575775,737.402424225,0.15,0.131672497325,12.2183351166,13,6.34967424121e+21,7.44031817281e+20,1.05240528277,5.24052827676,7.3915131256e+20,2.22066845091e+21,7.39381100331e+20,7.53870630264,3.04577183786e+21,7.59759759903,0.00952007710343,9.52007710343,-170.682868494
605,1789783149,870,126.942688803,743.057311197,0.15,0.129099020859,13.9339860937,13,6.33704439158e+21,7.4255189727e+20,1.05031199105,5.03119910541,7.37460539074e+20,2.22194738125e+21,7.37695817882e+20,6.70835351944,3.03356519947e+21,7.63694286346,0.00952007710343,9.52007710343,-170.682868494
609,1789786538,875,126.294423478,748.705576522,0.15,0.129735578167,13.5096145556,13,6.33201830979e+21,7.41962959219e+20,1.04947896013,4.94789601251,7.36864440487e+20,2.23183306093e+21,7.37101056925e+20,6.73328971863,3.02400689934e+21,4.92500019073,0.00952007710343,9.52007710343,-170.682868494
613,1789790663,880,125.652680867,754.347319133,0.15,0.130375200011,13.0831999929,13,6.33181074024e+21,7.41938636971e+20,1.04944455721,4.94445572123,7.37014721293e+20,2.24255764809e+21,7.37250904553e+20,5.89765930176,3.02403852378e+21,4.94999980927,0.00952007710343,9.52007710343,-170.682868494
617,1789794576,885,125.017363982,759.982636018,0.15,0.131020112766,12.6532581559,13,6.33844692621e+21,7.42716241194e+20,1.05054444941,5.05444494122,7.37825409778e+20,2.25830293237e+21,7.38063043093e+20,5.92731714249,3.03373945204e+21,4.21501731873,0.00952007710343,9.52007710343,-170.682868494
621,1789798526,890,131.323167902,758.676832098,0.15,0.138014137844,7.99057477068,13,6.42261753989e+21,7.52579048684e+20,1.06449502312,6.4495023116,7.47330873012e+20,2.34313308615e+21,7.47564971337e+20,5.95566177368,3.1375123608e+21,4.24132299423,0.00952007710343,9.52007710343,-170.682868494
625,1789802925,895,140.706039094,754.293960906,0.15,0.145044853993,3.30343067127,13,6.62998733398e+21,7.76877889677e+20,1.09886482832,9.88648283215,7.71082047247e+20,2.36657494552e+21,7.71301003255e+20,5.99504327774,3.11144711313e+21,4.27070617676,0.00952007710343,9.52007710343,-170.682868494
629,1789807272,900,142.32256457,757.67743543,0.15,0.148901792477,0.732138348902,12,6.71480158916e+21,7.86816116745e+20,1.11292208021,11.2922080208,7.80779540585e+20,2.34240150709e+21,7.80993392353e+20,6.02590513229,3.02598567122e+21,4.15000009537,0.00952007710343,9.52007710343,-170.682868494
633,1789811786,905,141.625129879,763.374870121,0.15,0.147780397336,1.47973510963,12,6.69518246146e+21,7.84517218457e+20,1.10967037424,10.9670374237,7.78482024336e+20,2.32870708779e+21,7.78699601695e+20,6.96053361893,3.04578341219e+21,4.17000007629,0.00952007710343,9.52007710343,-170.682868494
637,1789816513,910,140.934419319,769.065580681,0.15,0.145799079487,2.80061367565,12,6.6239353798e+21,7.76168743617e+20,1.09786176764,9.78617676427,7.7024031829e+20,2.31669504847e+21,7.70459038342e+20,8.81516456604,3.08265771997e+21,5.09999990463,0.00952007710343,9.52007710343,-170.682868494
641,1789821389,915,140.250337225,774.749662775,0.15,0.14336535063,4.42309957988,12,6.56923175274e+21,7.69758770836e+20,1.08879509998,8.87950999809,7.63855922411e+20,2.2961423503e+21,7.64075938046e+20,8.85980033875,3.02637793442e+21,5.125,0.00952007710343,9.52007710343,-170.682868494
645,1789825679,920,139.572789715,780.427210285,0.15,0.140919503622,6.0536642521,12,6.53170078218e+21,7.65361027713e+20,1.08257465619,8.25746561931,7.59464863743e+20,2.26386619674e+21,7.59687129632e+20,8.89978599548,2.96497300432e+21,5.15000009537,0.00952007710343,9.52007710343,-170.682868494
649,1789829417,925,138.901684653,786.098315347,0.15,0.138461538462,7.69230769231,12,6.50050345804e+21,7.61705438325e+20,1.07740396121,7.74039612116,7.55910657023e+20,2.23388296195e+21,7.56134003739e+20,9.86945056915,2.89793673826e+21,5.17500019073,0.00952007710343,9.52007710343,-170.682868494
653,1789833168,930,138.236931608,791.763068392,0.15,0.138461538462,7.69230769231,12,6.47559965122e+21,7.58787300489e+20,1.07327636397,7.32763639739,7.53089424641e+20,2.22533155507e+21,7.53313070165e+20,9.91911888123,2.86897914907e+21,5.19999980927,0.00952007710343,9.52007710343,-170.682868494
657,1789836979,935,137.578441812,797.421558188,0.15,0.138461538462,7.69230769231,12,6.4513936934e+21,7.55950934072e+20,1.06926442936,6.92644293598,7.50235417665e+20,2.21234777453e+21,7.50460379732e+20,8.09878921509,2.83485926812e+21,5.22499990463,0.00952007710343,9.52007710343,-170.682868494
661,1789840581,940,136.926128126,803.073871874,0.15,0.138461538462,7.69230769231,12,6.42965919359e+21,7.53404164146e+20,1.06566211819,6.56621181938,7.47546553882e+20,2.20746252341e+21,7.47774782489e+20,10.9584627151,2.82140276345e+21,9.01000022888,0.00952007710343,9.52007710343,-170.682868494
665,1789844181,945,136.279905005,808.720094995,0.15,0.138461538462,7.69230769231,12,6.41046789258e+21,7.5115539704e+20,1.06248132091,6.24813209112,7.45196615973e+20,2.20921850022e+21,7.45428991894e+20,9.12314033508,2.86221217892e+21,11.8900003433,0.00952007710343,9.52007710343,-170.682868494
669,1789848358,950,135.639688455,814.360311545,0.15,0.137139209387,8.5738604089,12,6.38005228104e+21,7.47591405901e+20,1.05744018824,5.74401882409,7.41783090309e+20,2.2124811989e+21,7.42017283081e+20,10.1178197861,2.88036745235e+21,11.9499998093,0.00952007710343,9.52007710343,-170.682868494
673,1789851971,955,135.005396005,819.994603995,0.15,0.132903474544,11.3976836371,12,6.29719129564e+21,7.37882055909e+20,1.04370667445,4.37066744484,7.3252967739e+20,2.2063808066e+21,7.32767221271e+20,11.122502327,2.88579973153e+21,12.0100002289,0.00952007710343,9.52007710343,-170.682868494
677,1789855924,960,135.123112728,824.876887272,0.15,0.129795027737,13.4699815087,12,6.27597143371e+21,7.35395589385e+20,1.0401896602,4.01896601973,7.30133458029e+20,2.22448880945e+21,7.30372799898e+20,11.1775617599,2.86140622871e+21,12.0699996948,0.00952007710343,9.52007710343,-170.682868494
681,1789859965,965,144.591302205,820.408697795,0.15,0.126733767591,15.5108216057,12,6.29057775183e+21,7.37107104812e+20,1.042610535,4.26105349965,7.31589568565e+20,2.14538402236e+21,7.31822690369e+20,11.2324762344,2.70996078239e+21,11.1649999619,0.00952007710343,9.52007710343,-170.682868494
685,1789864054,970,154.008093222,815.991906778,0.15,0.127979728363,14.6801810914,12,6.35229274553e+21,7.44338644127e+20,1.05283927791,5.28392779095,7.38475411882e+20,2.04067527271e+21,7.38696474262e+20,5.47700405121,2.67487942209e+21,7.41700410843,0.0396405833083,9.52007710343,-170.682868494
689,1789867839,975,154.985063846,820.014936154,0.15,0.130331594708,13.1122701944,11,6.36342185229e+21,7.45642712527e+20,1.05468383407,5.46838340713,7.39632456575e+20,2.00903776508e+21,7.39848927163e+20,6.47749233246,2.59764189153e+21,8.42749214172,0.0396405833083,9.52007710343,-170.682868494
693,1789871267,980,154.28574568,825.71425432,0.15,0.130334007393,13.1106617383,11,6.35548301091e+21,7.44712467864e+20,1.05336803766,5.33680376568,7.3873785789e+20,2.00977284104e+21,7.38958002515e+20,6.50714302063,2.58074760844e+21,8.46714305878,0.0396405833083,9.52007710343,-170.682868494
697,1789875095,985,153.592631222,831.407368778,0.15,0.135939964045,9.37335730353,11,6.35476528664e+21,7.44628367535e+20,1.05324908087,5.32490808745,7.38679397364e+20,2.00606001725e+21,7.38901463374e+20,3.5817964077,2.58251505073e+21,8.49719715118,0.0396405833083,9.52007710343,-170.682868494
701,1789878716,990,152.905639321,837.094360679,0.15,0.141664722122,5.55685191861,11,6.37440643307e+21,7.46929845896e+20,1.05650443626,5.65044362635,7.40865940287e+20,2.00465986128e+21,7.41089333634e+20,3.59645271301,2.59782051145e+21,10.5264530182,0.0396405833083,9.52007710343,-170.682868494
705,1789882271,995,152.224690219,842.775309781,0.15,0.147416682551,1.72221163254,11,6.43836557201e+21,7.54424346019e+20,1.06710512744,6.71051274409,7.48038178062e+20,2.02457469109e+21,7.48265084513e+20,9.59111213684,2.57520975255e+21,10.5,0.00952007710343,9.52007710343,-170.682868494
709,1789886281,1000,151.549705517,848.450294483,0.15,0.149985377502,0.00974833206527,11,6.44150679734e+21,7.54792423419e+20,1.06762575921,6.76257592086,7.48329258311e+20,2.01222881839e+21,7.48555658281e+20,3.62577486038,2.52632452038e+21,1.63524675369,0.0396405833083,9.52007710343,-170.682868494