sprocess,sprocess,sprocess,sprocess,sprocess,sprocess,sprocess,sprocess,sprocess,sprocess,sprocess,sprocess,sprocess,svisualpy,,,,,,,,,,,,,,
sprocess1,sprocess,sprocess,sprocess,sprocess,sprocess,sprocess,sprocess,sprocess,sprocess,sprocess,sprocess,sprocess,svisualpy,,,,,,,,,,,,,,
,DNW_DOSE,DNW_E,DNW_TRIM_E,DNW_DEEP_E,DNW_TRIM_FRAC,DNW_DEEP_FRAC,PW_TRIM_E,PW_FIXED_E,PW_TRIM_FRAC,PW_TOTAL_DOSE,RTA_T,RTA_t,,SCORE,PW_RP,PW_PK_R,DNW_RP,DNW_PK_R,DNW_SIG,JUNC,P462_R,SLOPE_R,SPLIT,TAIL14_R,TAIL16_R,TAIL18_R,TAIL_RMSE
,25000000000000,975,550,1300,0.24,0.04,85,36,0.525,20600000000000,1050,30,,25.3154037138,100,1.42603728586,1015.297,1.08623133143,326.59497867,399.780068941,0.795604404904,1.7746276107,0.00125151036495,0.492330414552,0.298274560509,0.310538734817,0.38718218702
,25000000000000,975,550,1400,0.24,0.04,85,36,0.525,20600000000000,1050,30,,25.0321782858,100,1.42603207927,1015.297,1.07949221481,329.521238536,399.802282884,0.795020192792,1.77461338032,0.00125122974481,0.496831717925,0.336698245116,0.340148946349,0.3582450826
,25000000000000,975,550,1500,0.24,0.04,85,36,0.525,20600000000000,1050,30,,24.7449973113,100,1.42602569701,1015.297,1.0762735939,333.469682037,399.81376088,0.794674026148,1.77440261884,0.0012513287079,0.488264439583,0.344558938464,0.400530230685,0.34691571539
,25500000000000,975,550,1300,0.235294118,0.058823529,85,36,0.525,20600000000000,1050,30,,26.6282081736,100,1.42564696003,1031.292,1.09858468383,328.161282031,399.795985971,0.796915439913,1.77396114481,0.00111151875774,0.536617525511,0.331155802316,0.323468629117,0.354493828268
,25500000000000,975,550,1400,0.235294118,0.058823529,85,36,0.525,20600000000000,1050,30,,26.2183241226,100,1.4256477998,1031.292,1.08781442644,332.356715094,399.828554011,0.796035774089,1.77394441855,0.00111315165753,0.54336488406,0.388750038145,0.367921757149,0.315236163974
,25500000000000,975,550,1500,0.235294118,0.058823529,85,36,0.525,20600000000000,1050,30,,24.3461700804,100,1.42563856231,1015.297,1.08291325071,338.013283195,399.84617793,0.795517947763,1.77362516348,0.00111251795539,0.530518553966,0.400534769095,0.458466933509,0.300393849945
,26000000000000,975,550,1300,0.230769231,0.076923077,85,36,0.525,20600000000000,1050,30,,26.5199955512,100,1.42525562647,1031.292,1.11115443279,329.55473493,399.810688332,0.798223299828,1.77330443441,0.000973720539883,0.580872811897,0.364061357132,0.336434588959,0.324858493811
,26000000000000,975,550,1400,0.230769231,0.076923077,85,36,0.525,20600000000000,1050,30,,25.9951581558,100,1.42525713806,1031.292,1.09679059422,334.910306282,399.854805024,0.797052632291,1.77327569826,0.000974595844598,0.589867494334,0.440804088077,0.395762891715,0.276894062746
,26000000000000,975,550,1500,0.230769231,0.076923077,85,36,0.525,20600000000000,1050,30,,25.4199965535,100,1.4252702385,1031.292,1.08908007626,341.857891658,399.87958391,0.796326769926,1.7729711612,0.000976838668481,0.574463361361,0.470477448892,0.512667061796,0.253780218254
,26500000000000,975,550,1300,0.226415094,0.094339623,85,36,0.525,20600000000000,1050,30,,26.428167822,100,1.42485522338,1031.292,1.12372513505,330.793693358,399.826178402,0.799535542775,1.77264280801,0.000833762298509,0.625100401057,0.396997687908,0.349443315503,0.297855389276
,26500000000000,975,550,1400,0.226415094,0.094339623,85,36,0.525,20600000000000,1050,30,,25.7964203364,100,1.42486160564,1031.292,1.10577089291,337.211230899,399.881173798,0.798071078183,1.77260623714,0.00083537024702,0.636338491963,0.492860394914,0.423668756585,0.242331716422
,26500000000000,975,550,1500,0.226415094,0.094339623,85,36,0.525,20600000000000,1050,30,,25.0866259503,100,1.42487722539,1031.292,1.09493295202,345.205646142,399.914588252,0.797126998303,1.77236808827,0.000838040189049,0.619083597254,0.547663456262,0.565183490722,0.210389326717
,27000000000000,975,550,1300,0.222222222,0.111111111,85,36,0.525,20600000000000,1050,30,,26.3512556697,100,1.42448068525,1031.292,1.13630537019,331.89285667,399.841042501,0.800845714972,1.77198851504,0.00069681681013,0.669298053055,0.429959665319,0.362487481427,0.273184648157
,27000000000000,975,550,1400,0.222222222,0.111111111,85,36,0.525,20600000000000,1050,30,,25.6195629726,100,1.42448118912,1031.292,1.11475913568,339.284944267,399.907135829,0.799088540354,1.77194120907,0.000697930315838,0.682777968041,0.544917625029,0.451639655657,0.210929525702
,27000000000000,975,550,1500,0.222222222,0.111111111,85,36,0.525,20600000000000,1050,30,,24.7740111937,100,1.42448975479,1031.292,1.10175150937,348.481706903,399.947412315,0.797956476318,1.77165250039,0.000700036238202,0.662083479055,0.61062183949,0.621449597941,0.175987440487
,27500000000000,975,550,1300,0.218181818,0.127272727,85,36,0.525,20600000000000,1050,30,,26.287476828,100,1.42409035942,1031.292,1.14888941849,332.866096966,399.85608888,0.802158372011,1.77133332295,0.000558329932555,0.713466734371,0.462950469546,0.375573021336,0.25062129053
,27500000000000,975,550,1400,0.218181818,0.127272727,85,36,0.525,20600000000000,1050,30,,25.4623450773,100,1.42410178032,1031.292,1.12375341595,341.153945128,399.932912377,0.80010634765,1.77127829202,0.000560863149652,0.729186096857,0.596976496529,0.479675648762,0.182252341565
,28000000000000,975,550,1300,0.214285714,0.142857143,85,36,0.525,20600000000000,1050,30,,26.2356167689,100,1.42370204904,1031.292,1.16148013982,333.725294205,399.870902515,0.803471374176,1.77068099883,0.000423914207925,0.757605918193,0.495968459206,0.388697069226,0.230009770523
,28000000000000,975,550,1400,0.214285714,0.142857143,85,36,0.525,20600000000000,1050,30,,25.32291679,100,1.42371649311,1031.292,1.13275278043,342.838100809,399.958651442,0.801125276603,1.77061560273,0.000425831598038,0.77556340522,0.64903741976,0.507778754779,0.156009540035
,28500000000000,975,550,1300,0.210526316,0.157894737,85,36,0.525,20600000000000,1050,30,,27.4934103525,100,1.42330853208,1048.016,1.17473689228,334.481261793,399.885692653,0.80478567056,1.77002977599,0.000331565018208,0.801715604522,0.52901476275,0.401861703809,0.211245875589
,28500000000000,975,550,1400,0.210526316,0.157894737,85,36,0.525,20600000000000,1050,30,,25.1999221011,100,1.42332448774,1031.292,1.14175786463,344.354937612,399.984346319,0.802145413494,1.76995329235,0.000333649605602,0.821908839508,0.701100394721,0.535950446993,0.132041398343
,29000000000000,975,550,1300,0.206896552,0.172413793,85,36,0.525,20600000000000,1050,30,,27.4678981978,100,1.42292828351,1048.016,1.1883816333,335.143483457,399.900143405,0.806099449257,1.76938333115,0.000270206690791,0.845795880499,0.562087020687,0.415064059082,0.194273016834
,29000000000000,975,550,1400,0.206896552,0.172413793,85,36,0.525,20600000000000,1050,30,,25.0920225617,100,1.42294440712,1031.292,1.15076993963,345.719825439,400.009661438,0.803164687572,1.76929503573,0.000271224369036,0.868222926533,0.753164292962,0.564184367239,0.110334845592
