DNW_DOSE,DNW_E,DNW_TRIM_E,DNW_DEEP_E,DNW_TRIM_FRAC,DNW_DEEP_FRAC,PW_TRIM_E,PW_FIXED_E,PW_TRIM_FRAC,PW_TOTAL_DOSE,RTA_T,RTA_t
29000000000000.0,975,550,1500,0.206896551724,0.224137931034,85,36,0.525,20600000000000.0,1050,30
29250000000000.0,965,550,1475,0.205128205128,0.230769230769,85,36,0.525,20600000000000.0,1050,30
29000000000000.0,965,550,1500,0.206896551724,0.224137931034,85,36,0.525,20600000000000.0,1050,30
29500000000000.0,965,550,1500,0.203389830508,0.237288135593,85,36,0.525,20600000000000.0,1050,30
29250000000000.0,965,550,1525,0.205128205128,0.230769230769,85,36,0.525,20600000000000.0,1050,30
29000000000000.0,970,550,1475,0.206896551724,0.224137931034,85,36,0.525,20600000000000.0,1050,30
29500000000000.0,970,550,1475,0.203389830508,0.237288135593,85,36,0.525,20600000000000.0,1050,30
29250000000000.0,970,550,1500,0.205128205128,0.230769230769,85,36,0.525,20600000000000.0,1050,30
29000000000000.0,970,550,1525,0.206896551724,0.224137931034,85,36,0.525,20600000000000.0,1050,30
29500000000000.0,970,550,1525,0.203389830508,0.237288135593,85,36,0.525,20600000000000.0,1050,30
29250000000000.0,975,550,1475,0.205128205128,0.230769230769,85,36,0.525,20600000000000.0,1050,30
29500000000000.0,975,550,1500,0.203389830508,0.237288135593,85,36,0.525,20600000000000.0,1050,30
29250000000000.0,975,550,1525,0.205128205128,0.230769230769,85,36,0.525,20600000000000.0,1050,30
29000000000000.0,965,550,1475,0.215517241379,0.224137931034,85,36,0.525,20600000000000.0,1050,30
29500000000000.0,965,550,1475,0.21186440678,0.237288135593,85,36,0.525,20600000000000.0,1050,30
29250000000000.0,965,550,1500,0.213675213675,0.230769230769,85,36,0.525,20600000000000.0,1050,30
29000000000000.0,965,550,1525,0.215517241379,0.224137931034,85,36,0.525,20600000000000.0,1050,30
29500000000000.0,965,550,1525,0.21186440678,0.237288135593,85,36,0.525,20600000000000.0,1050,30
29250000000000.0,970,550,1475,0.213675213675,0.230769230769,85,36,0.525,20600000000000.0,1050,30
29000000000000.0,970,550,1500,0.215517241379,0.224137931034,85,36,0.525,20600000000000.0,1050,30
29500000000000.0,970,550,1500,0.21186440678,0.237288135593,85,36,0.525,20600000000000.0,1050,30
29250000000000.0,970,550,1525,0.213675213675,0.230769230769,85,36,0.525,20600000000000.0,1050,30
29000000000000.0,975,550,1475,0.215517241379,0.224137931034,85,36,0.525,20600000000000.0,1050,30
29500000000000.0,975,550,1475,0.21186440678,0.237288135593,85,36,0.525,20600000000000.0,1050,30
29250000000000.0,975,550,1500,0.213675213675,0.230769230769,85,36,0.525,20600000000000.0,1050,30
29000000000000.0,975,550,1525,0.215517241379,0.224137931034,85,36,0.525,20600000000000.0,1050,30
29500000000000.0,975,550,1525,0.21186440678,0.237288135593,85,36,0.525,20600000000000.0,1050,30
29250000000000.0,965,550,1475,0.222222222222,0.230769230769,85,36,0.525,20600000000000.0,1050,30
29000000000000.0,965,550,1500,0.224137931034,0.224137931034,85,36,0.525,20600000000000.0,1050,30
29500000000000.0,965,550,1500,0.220338983051,0.237288135593,85,36,0.525,20600000000000.0,1050,30
29250000000000.0,965,550,1525,0.222222222222,0.230769230769,85,36,0.525,20600000000000.0,1050,30
29000000000000.0,970,550,1475,0.224137931034,0.224137931034,85,36,0.525,20600000000000.0,1050,30
29500000000000.0,970,550,1475,0.220338983051,0.237288135593,85,36,0.525,20600000000000.0,1050,30
29250000000000.0,970,550,1500,0.222222222222,0.230769230769,85,36,0.525,20600000000000.0,1050,30
29000000000000.0,970,550,1525,0.224137931034,0.224137931034,85,36,0.525,20600000000000.0,1050,30
29500000000000.0,970,550,1525,0.220338983051,0.237288135593,85,36,0.525,20600000000000.0,1050,30
29250000000000.0,975,550,1475,0.222222222222,0.230769230769,85,36,0.525,20600000000000.0,1050,30
29000000000000.0,975,550,1500,0.224137931034,0.224137931034,85,36,0.525,20600000000000.0,1050,30
29500000000000.0,975,550,1500,0.220338983051,0.237288135593,85,36,0.525,20600000000000.0,1050,30
29250000000000.0,975,550,1525,0.222222222222,0.230769230769,85,36,0.525,20600000000000.0,1050,30
