index,DNW_DOSE,DNW_E,DNW_TRIM_E,DNW_DEEP_E,DNW_TRIM_FRAC,DNW_DEEP_FRAC,PW_TRIM_E,PW_FIXED_E,PW_TRIM_FRAC,PW_TOTAL_DOSE,RTA_T,RTA_t
0,29000000000000.0,975,550,1500,0.206896552,0.172413793,85,36,0.525,20600000000000.0,1050,30
1,29000000000000.0,975,550,1500,0.206896552,0.189655172,85,36,0.525,20600000000000.0,1050,30
2,29000000000000.0,975,550,1500,0.206896552,0.206896552,85,36,0.525,20600000000000.0,1050,30
3,29000000000000.0,975,550,1500,0.206896552,0.224137931,85,36,0.525,20600000000000.0,1050,30
4,29000000000000.0,975,550,1500,0.206896552,0.24137931,85,36,0.525,20600000000000.0,1050,30
5,29000000000000.0,975,550,1525,0.206896552,0.172413793,85,36,0.525,20600000000000.0,1050,30
6,29000000000000.0,975,550,1525,0.206896552,0.189655172,85,36,0.525,20600000000000.0,1050,30
7,29000000000000.0,975,550,1525,0.206896552,0.206896552,85,36,0.525,20600000000000.0,1050,30
8,29000000000000.0,975,550,1525,0.206896552,0.224137931,85,36,0.525,20600000000000.0,1050,30
9,29000000000000.0,975,550,1525,0.206896552,0.24137931,85,36,0.525,20600000000000.0,1050,30
10,29000000000000.0,975,550,1550,0.206896552,0.172413793,85,36,0.525,20600000000000.0,1050,30
11,29000000000000.0,975,550,1550,0.206896552,0.189655172,85,36,0.525,20600000000000.0,1050,30
12,29000000000000.0,975,550,1550,0.206896552,0.206896552,85,36,0.525,20600000000000.0,1050,30
13,29000000000000.0,975,550,1550,0.206896552,0.224137931,85,36,0.525,20600000000000.0,1050,30
14,29000000000000.0,975,550,1550,0.206896552,0.24137931,85,36,0.525,20600000000000.0,1050,30
15,29000000000000.0,975,550,1575,0.206896552,0.172413793,85,36,0.525,20600000000000.0,1050,30
16,29000000000000.0,975,550,1575,0.206896552,0.189655172,85,36,0.525,20600000000000.0,1050,30
17,29000000000000.0,975,550,1575,0.206896552,0.206896552,85,36,0.525,20600000000000.0,1050,30
18,29000000000000.0,975,550,1575,0.206896552,0.224137931,85,36,0.525,20600000000000.0,1050,30
19,29000000000000.0,975,550,1575,0.206896552,0.24137931,85,36,0.525,20600000000000.0,1050,30
20,29000000000000.0,975,550,1600,0.206896552,0.172413793,85,36,0.525,20600000000000.0,1050,30
21,29000000000000.0,975,550,1600,0.206896552,0.189655172,85,36,0.525,20600000000000.0,1050,30
22,29000000000000.0,975,550,1600,0.206896552,0.206896552,85,36,0.525,20600000000000.0,1050,30
23,29000000000000.0,975,550,1600,0.206896552,0.224137931,85,36,0.525,20600000000000.0,1050,30
24,29000000000000.0,975,550,1600,0.206896552,0.24137931,85,36,0.525,20600000000000.0,1050,30
